"","COUNTRY_(ISO)","CODE","YEAR","ML_WKS","ML_BEF","ML_AFT","ML_PAY","PL_WKS","PL_PAY","CC_WKS","CC_PAY","X12","X13","X14"
"1","AU",1,1960,0,"0","0",0,0,0,0,0,NA,NA,NA
"2","AU",1,1961,0,"0","0",0,0,0,0,0,NA,NA,NA
"3","AU",1,1962,0,"0","0",0,0,0,0,0,NA,NA,NA
"4","AU",1,1963,0,"0","0",0,0,0,0,0,NA,NA,NA
"5","AU",1,1964,0,"0","0",0,0,0,0,0,NA,NA,NA
"6","AU",1,1965,0,"0","0",0,0,0,0,0,NA,NA,NA
"7","AU",1,1966,0,"0","0",0,0,0,0,0,NA,NA,NA
"8","AU",1,1967,0,"0","0",0,0,0,0,0,NA,NA,NA
"9","AU",1,1968,0,"0","0",0,0,0,0,0,NA,NA,NA
"10","AU",1,1969,0,"0","0",0,0,0,0,0,NA,NA,NA
"11","AU",1,1970,0,"0","0",0,0,0,0,0,NA,NA,NA
"12","AU",1,1971,0,"0","0",0,0,0,0,0,NA,NA,NA
"13","AU",1,1972,0,"0","0",0,0,0,0,0,NA,NA,NA
"14","AU",1,1973,0,"0","0",0,0,0,0,0,NA,NA,NA
"15","AU",1,1974,0,"0","0",0,0,0,0,0,NA,NA,NA
"16","AU",1,1975,0,"0","0",0,0,0,0,0,NA,NA,NA
"17","AU",1,1976,0,"0","0",0,0,0,0,0,NA,NA,NA
"18","AU",1,1977,0,"0","0",0,0,0,0,0,NA,NA,NA
"19","AU",1,1978,0,"0","0",0,0,0,0,0,NA,NA,NA
"20","AU",1,1979,0,"0","0",0,0,0,0,0,NA,NA,NA
"21","AU",1,1980,0,"0","0",0,0,0,0,0,NA,NA,NA
"22","AU",1,1981,0,"0","0",0,0,0,0,0,NA,NA,NA
"23","AU",1,1982,0,"0","0",0,0,0,0,0,NA,NA,NA
"24","AU",1,1983,0,"0","0",0,0,0,0,0,NA,NA,NA
"25","AU",1,1984,0,"0","0",0,0,0,0,0,NA,NA,NA
"26","AU",1,1985,0,"0","0",0,0,0,0,0,NA,NA,NA
"27","AU",1,1986,0,"0","0",0,0,0,0,0,NA,NA,NA
"28","AU",1,1987,0,"0","0",0,0,0,0,0,NA,NA,NA
"29","AU",1,1988,0,"0","0",0,0,0,0,0,NA,NA,NA
"30","AU",1,1989,0,"0","0",0,0,0,0,0,NA,NA,NA
"31","AU",1,1990,0,"0","0",0,0,0,0,0,NA,NA,NA
"32","AU",1,1991,0,"0","0",0,0,0,0,0,NA,NA,NA
"33","AU",1,1992,0,"0","0",0,0,0,0,0,NA,NA,NA
"34","AU",1,1993,0,"0","0",0,0,0,0,0,NA,NA,NA
"35","AU",1,1994,0,"0","0",0,0,0,0,0,NA,NA,NA
"36","AU",1,1995,0,"0","0",0,0,0,0,0,NA,NA,NA
"37","AU",1,1996,0,"0","0",0,0,0,0,0,NA,NA,NA
"38","AU",1,1997,0,"0","0",0,52,0,0,0,NA,NA,NA
"39","AU",1,1998,0,"0","0",0,52,0,0,0,NA,NA,NA
"40","AU",1,1999,0,"0","0",0,52,0,0,0,NA,NA,NA
"41","AU",1,2000,0,"0","0",0,52,0,0,0,NA,NA,NA
"42","AU",1,2001,0,"0","0",0,52,0,0,0,NA,NA,NA
"43","AU",1,2002,0,"0","0",0,52,0,0,0,NA,NA,NA
"44","AU",1,2003,0,"0","0",0,52,0,0,0,NA,NA,NA
"45","AU",1,2004,0,"0","0",0,52,0,0,0,NA,NA,NA
"46","AU",1,2005,0,"0","0",0,52,0,0,0,NA,NA,NA
"47","AU",1,2006,0,"0","0",0,52,0,0,0,NA,NA,NA
"48","AU",1,2007,0,"0","0",0,52,0,0,0,NA,NA,NA
"49","AU",1,2008,0,"0","0",0,52,0,0,0,NA,NA,NA
"50","AU",1,2009,0,"0","0",0,52,0,0,0,NA,NA,NA
"51","AU",1,2010,0,"0","0",0,52,0,0,0,NA,NA,NA
"52",NA,NA,NA,NA,NA,NA,NA,NA,NA,NA,NA,NA,NA,NA
"53","AT",2,1960,12,"6","6",100,52,100,0,0,NA,NA,NA
"54","AT",2,1961,12,"6","6",100,52,100,0,0,NA,NA,NA
"55","AT",2,1962,12,"6","6",100,52,100,0,0,NA,NA,NA
"56","AT",2,1963,12,"6","6",100,52,100,0,0,NA,NA,NA
"57","AT",2,1964,12,"6","6",100,52,100,0,0,NA,NA,NA
"58","AT",2,1965,12,"6","6",100,52,100,0,0,NA,NA,NA
"59","AT",2,1966,12,"6","6",100,52,100,0,0,NA,NA,NA
"60","AT",2,1967,12,"6","6",100,52,100,0,0,NA,NA,NA
"61","AT",2,1968,12,"6","6",100,52,100,0,0,NA,NA,NA
"62","AT",2,1969,12,"6","6",100,52,100,0,0,NA,NA,NA
"63","AT",2,1970,12,"6","6",100,52,100,0,0,NA,NA,NA
"64","AT",2,1971,12,"6","6",100,52,100,0,0,NA,NA,NA
"65","AT",2,1972,12,"6","6",100,52,100,0,0,NA,NA,NA
"66","AT",2,1973,12,"6","6",100,52,100,0,0,NA,NA,NA
"67","AT",2,1974,16,"8","8",100,52,37.6,0,0,NA,NA,NA
"68","AT",2,1975,16,"8","8",100,52,37.6,0,0,NA,NA,NA
"69","AT",2,1976,16,"8","8",100,52,37.6,0,0,NA,NA,NA
"70","AT",2,1977,16,"8","8",100,52,37.6,0,0,NA,NA,NA
"71","AT",2,1978,16,"8","8",100,52,37.6,0,0,NA,NA,NA
"72","AT",2,1979,16,"8","8",100,52,37.6,0,0,NA,NA,NA
"73","AT",2,1980,16,"8","8",100,52,37.6,0,0,NA,NA,NA
"74","AT",2,1981,16,"8","8",100,52,37.6,0,0,NA,NA,NA
"75","AT",2,1982,16,"8","8",100,52,37.6,0,0,NA,NA,NA
"76","AT",2,1983,16,"8","8",100,52,37.6,0,0,NA,NA,NA
"77","AT",2,1984,16,"8","8",100,52,37.6,0,0,NA,NA,NA
"78","AT",2,1985,16,"8","8",100,52,37.6,0,0,NA,NA,NA
"79","AT",2,1986,16,"8","8",100,52,37.6,0,0,NA,NA,NA
"80","AT",2,1987,16,"8","8",100,52,37.6,0,0,NA,NA,NA
"81","AT",2,1988,16,"8","8",100,52,37.6,0,0,NA,NA,NA
"82","AT",2,1989,16,"8","8",100,52,37.6,0,0,NA,NA,NA
"83","AT",2,1990,16,"8","8",100,104,37.6,0,0,NA,NA,NA
"84","AT",2,1991,16,"8","8",100,104,37.6,0,0,NA,NA,NA
"85","AT",2,1992,16,"8","8",100,104,37.6,0,0,NA,NA,NA
"86","AT",2,1993,16,"8","8",100,104,37.6,0,0,NA,NA,NA
"87","AT",2,1994,16,"8","8",100,104,35,0,0,NA,NA,NA
"88","AT",2,1995,16,"8","8",100,104,35,0,0,NA,NA,NA
"89","AT",2,1996,16,"8","8",100,104,27.1,0,0,NA,NA,NA
"90","AT",2,1997,16,"8","8",100,104,27.1,0,0,NA,NA,NA
"91","AT",2,1998,16,"8","8",100,104,27.1,0,0,NA,NA,NA
"92","AT",2,1999,16,"8","8",100,104,27.1,0,0,NA,NA,NA
"93","AT",2,2000,16,"8","8",100,104,27.1,0,0,NA,NA,NA
"94","AT",2,2001,16,"8","8",100,104,27.1,0,0,NA,NA,NA
"95","AT",2,2002,16,"8","8",100,104,20.2,0,0,NA,NA,NA
"96","AT",2,2003,16,"8","8",100,104,19.9,0,0,NA,NA,NA
"97","AT",2,2004,16,"8","8",100,104,19.6,0,0,NA,NA,NA
"98","AT",2,2005,16,"8","8",100,104,19.4,0,0,NA,NA,NA
"99","AT",2,2006,16,"8","8",100,104,19.1,0,0,NA,NA,NA
"100","AT",2,2007,16,"8","8",100,104,18.8,0,0,NA,NA,NA
"101","AT",2,2008,16,"8","8",100,104,18.5,0,0,NA,NA,NA
"102","AT",2,2009,16,"8","8",100,104,18.2,0,0,NA,NA,NA
"103","AT",2,2010,16,"8","8",100,104,17.9,0,0,NA,NA,NA
"104",NA,NA,NA,NA,NA,NA,NA,NA,NA,NA,NA,NA,NA,NA
"105","BE",3,1960,12,"6","6",60,0,0,0,0,NA,NA,NA
"106","BE",3,1961,12,"6","6",60,0,0,0,0,NA,NA,NA
"107","BE",3,1962,12,"6","6",60,0,0,0,0,NA,NA,NA
"108","BE",3,1963,12,"6","6",60,0,0,0,0,NA,NA,NA
"109","BE",3,1964,12,"6","6",60,0,0,0,0,NA,NA,NA
"110","BE",3,1965,12,"6","6",60,0,0,0,0,NA,NA,NA
"111","BE",3,1966,12,"6","6",60,0,0,0,0,NA,NA,NA
"112","BE",3,1967,12,"6","6",60,0,0,0,0,NA,NA,NA
"113","BE",3,1968,12,"6","6",60,0,0,0,0,NA,NA,NA
"114","BE",3,1969,12,"6","6",60,0,0,0,0,NA,NA,NA
"115","BE",3,1970,14,"6","8",60,0,0,0,0,NA,NA,NA
"116","BE",3,1971,14,"6","8",60,0,0,0,0,NA,NA,NA
"117","BE",3,1972,14,"6","8",60,0,0,0,0,NA,NA,NA
"118","BE",3,1973,14,"6","8",60,0,0,0,0,NA,NA,NA
"119","BE",3,1974,14,"6","8",60,0,0,0,0,NA,NA,NA
"120","BE",3,1975,14,"6","8",79.5,0,0,0,0,NA,NA,NA
"121","BE",3,1976,14,"6","8",79.5,0,0,0,0,NA,NA,NA
"122","BE",3,1977,14,"6","8",79.5,0,0,0,0,NA,NA,NA
"123","BE",3,1978,14,"6","8",79.5,0,0,0,0,NA,NA,NA
"124","BE",3,1979,14,"6","8",79.5,0,0,0,0,NA,NA,NA
"125","BE",3,1980,14,"6","8",79.5,0,0,0,0,NA,NA,NA
"126","BE",3,1981,14,"6","8",79.5,0,0,0,0,NA,NA,NA
"127","BE",3,1982,14,"6","8",79.5,0,0,0,0,NA,NA,NA
"128","BE",3,1983,14,"6","8",79.5,0,0,0,0,NA,NA,NA
"129","BE",3,1984,14,"6","8",79.5,0,0,0,0,NA,NA,NA
"130","BE",3,1985,14,"6","8",79.5,0,0,52,22.6,NA,NA,NA
"131","BE",3,1986,14,"6","8",79.5,0,0,52,22.6,NA,NA,NA
"132","BE",3,1987,14,"6","8",76.4,0,0,52,22.6,NA,NA,NA
"133","BE",3,1988,14,"6","8",76.4,0,0,52,22.6,NA,NA,NA
"134","BE",3,1989,14,"6","8",76.4,0,0,52,22.6,NA,NA,NA
"135","BE",3,1990,15,"7","8",76.4,0,0,52,22.6,NA,NA,NA
"136","BE",3,1991,15,"7","8",76.4,0,0,52,22.6,NA,NA,NA
"137","BE",3,1992,15,"7","8",76.4,0,0,52,22.6,NA,NA,NA
"138","BE",3,1993,15,"7","8",77,0,0,52,22.6,NA,NA,NA
"139","BE",3,1994,15,"7","8",77,0,0,52,22.6,NA,NA,NA
"140","BE",3,1995,15,"7","8",77,0,0,52,22.6,NA,NA,NA
"141","BE",3,1996,15,"7","8",77,0,0,52,22.6,NA,NA,NA
"142","BE",3,1997,15,"7","8",77,0,0,52,22.6,NA,NA,NA
"143","BE",3,1998,15,"7","8",77,26,23.3,52,22.6,NA,NA,NA
"144","BE",3,1999,15,"7","8",77,26,23.5,52,22.6,NA,NA,NA
"145","BE",3,2000,15,"7","8",76.9,26,23.7,52,22.6,NA,NA,NA
"146","BE",3,2001,15,"7","8",76.9,26,24,52,22.6,NA,NA,NA
"147","BE",3,2002,15,"7","8",76.9,26,24.2,52,22.6,NA,NA,NA
"148","BE",3,2003,15,"7","8",76.9,26,24.4,52,22.6,NA,NA,NA
"149","BE",3,2004,15,"7","8",76.9,26,24.6,52,22.6,NA,NA,NA
"150","BE",3,2005,15,"6","9",76.9,26,23.9,52,22.6,NA,NA,NA
"151","BE",3,2006,15,"6","9",76.9,26,27.8,52,22.6,NA,NA,NA
"152","BE",3,2007,15,"6","9",76.9,26,28,52,22.3,NA,NA,NA
"153","BE",3,2008,15,"6","9",76.9,26,29.3,52,22.9,NA,NA,NA
"154","BE",3,2009,15,"6","9",76.9,26,25.7,52,22.4,NA,NA,NA
"155","BE",3,2010,15,"6","9",76.9,26,25.2,52,22.8,NA,NA,NA
"156",NA,NA,NA,NA,NA,NA,NA,NA,NA,NA,NA,NA,NA,NA
"157","CA",4,1960,0,"0","0",0,0,0,0,0,NA,NA,NA
"158","CA",4,1961,0,"0","0",0,0,0,0,0,NA,NA,NA
"159","CA",4,1962,0,"0","0",0,0,0,0,0,NA,NA,NA
"160","CA",4,1963,0,"0","0",0,0,0,0,0,NA,NA,NA
"161","CA",4,1964,0,"0","0",0,0,0,0,0,NA,NA,NA
"162","CA",4,1965,0,"0","0",0,0,0,0,0,NA,NA,NA
"163","CA",4,1966,0,"0","0",0,0,0,0,0,NA,NA,NA
"164","CA",4,1967,0,"0","0",0,0,0,0,0,NA,NA,NA
"165","CA",4,1968,0,"0","0",0,0,0,0,0,NA,NA,NA
"166","CA",4,1969,0,"0","0",0,0,0,0,0,NA,NA,NA
"167","CA",4,1970,0,"0","0",0,0,0,0,0,NA,NA,NA
"168","CA",4,1971,15,"ns","ns",66.7,0,0,0,0,NA,NA,NA
"169","CA",4,1972,15,"ns","ns",66.7,0,0,0,0,NA,NA,NA
"170","CA",4,1973,15,"ns","ns",66.7,0,0,0,0,NA,NA,NA
"171","CA",4,1974,15,"ns","ns",66.7,0,0,0,0,NA,NA,NA
"172","CA",4,1975,15,"ns","ns",66.7,0,0,0,0,NA,NA,NA
"173","CA",4,1976,15,"ns","ns",66.7,0,0,0,0,NA,NA,NA
"174","CA",4,1977,15,"ns","ns",66.7,0,0,0,0,NA,NA,NA
"175","CA",4,1978,15,"ns","ns",66.7,0,0,0,0,NA,NA,NA
"176","CA",4,1979,15,"ns","ns",60,0,0,0,0,NA,NA,NA
"177","CA",4,1980,15,"ns","ns",60,0,0,0,0,NA,NA,NA
"178","CA",4,1981,15,"ns","ns",60,0,0,0,0,NA,NA,NA
"179","CA",4,1982,15,"ns","ns",60,0,0,0,0,NA,NA,NA
"180","CA",4,1983,15,"ns","ns",60,0,0,0,0,NA,NA,NA
"181","CA",4,1984,15,"ns","ns",60,0,0,0,0,NA,NA,NA
"182","CA",4,1985,15,"ns","ns",60,0,0,0,0,NA,NA,NA
"183","CA",4,1986,15,"ns","ns",60,0,0,0,0,NA,NA,NA
"184","CA",4,1987,15,"ns","ns",60,0,0,0,0,NA,NA,NA
"185","CA",4,1988,15,"ns","ns",60,0,0,0,0,NA,NA,NA
"186","CA",4,1989,15,"ns","ns",60,0,0,0,0,NA,NA,NA
"187","CA",4,1990,15,"ns","ns",60,10,60,0,0,NA,NA,NA
"188","CA",4,1991,15,"ns","ns",60,10,60,0,0,NA,NA,NA
"189","CA",4,1992,15,"ns","ns",60,10,60,0,0,NA,NA,NA
"190","CA",4,1993,15,"ns","ns",59,10,59,0,0,NA,NA,NA
"191","CA",4,1994,15,"ns","ns",59,10,59,0,0,NA,NA,NA
"192","CA",4,1995,15,"ns","ns",55,10,55,0,0,NA,NA,NA
"193","CA",4,1996,15,"ns","ns",55,10,55,0,0,NA,NA,NA
"194","CA",4,1997,15,"ns","ns",55,10,55,0,0,NA,NA,NA
"195","CA",4,1998,15,"ns","ns",55,10,55,0,0,NA,NA,NA
"196","CA",4,1999,15,"ns","ns",55,10,55,0,0,NA,NA,NA
"197","CA",4,2000,15,"ns","ns",55,10,55,0,0,NA,NA,NA
"198","CA",4,2001,15,"ns","ns",55,35,55,0,0,NA,NA,NA
"199","CA",4,2002,15,"ns","ns",55,35,55,0,0,NA,NA,NA
"200","CA",4,2003,15,"ns","ns",55,35,55,0,0,NA,NA,NA
"201","CA",4,2004,15,"ns","ns",55,35,55,0,0,NA,NA,NA
"202","CA",4,2005,15,"ns","ns",55,35,55,0,0,NA,NA,NA
"203","CA",4,2006,15,"ns","ns",55,35,55,0,0,NA,NA,NA
"204","CA",4,2007,15,"ns","ns",55,35,55,0,0,NA,NA,NA
"205","CA",4,2008,15,"ns","ns",55,35,55,0,0,NA,NA,NA
"206","CA",4,2009,15,"ns","ns",55,35,55,0,0,NA,NA,NA
"207","CA",4,2010,15,"ns","ns",55,35,55,0,0,NA,NA,NA
"208",NA,NA,NA,NA,NA,NA,NA,NA,NA,NA,NA,NA,NA,NA
"209","DK",5,1960,14,"8","6",19,0,0,0,0,NA,NA,NA
"210","DK",5,1961,14,"8","6",19,0,0,0,0,NA,NA,NA
"211","DK",5,1962,14,"8","6",19,0,0,0,0,NA,NA,NA
"212","DK",5,1963,14,"8","6",19,0,0,0,0,NA,NA,NA
"213","DK",5,1964,14,"8","6",32,0,0,0,0,NA,NA,NA
"214","DK",5,1965,14,"8","6",32,0,0,0,0,NA,NA,NA
"215","DK",5,1966,14,"8","6",32,0,0,0,0,NA,NA,NA
"216","DK",5,1967,14,"8","6",37,0,0,0,0,NA,NA,NA
"217","DK",5,1968,14,"8","6",37,0,0,0,0,NA,NA,NA
"218","DK",5,1969,14,"8","6",57,0,0,0,0,NA,NA,NA
"219","DK",5,1970,14,"8","6",88,0,0,0,0,NA,NA,NA
"220","DK",5,1971,14,"8","6",87,0,0,0,0,NA,NA,NA
"221","DK",5,1972,14,"8","6",78,0,0,0,0,NA,NA,NA
"222","DK",5,1973,14,"8","6",90,0,0,0,0,NA,NA,NA
"223","DK",5,1974,14,"8","6",90,0,0,0,0,NA,NA,NA
"224","DK",5,1975,14,"8","6",90,0,0,0,0,NA,NA,NA
"225","DK",5,1976,14,"8","6",90,0,0,0,0,NA,NA,NA
"226","DK",5,1977,14,"8","6",90,0,0,0,0,NA,NA,NA
"227","DK",5,1978,14,"8","6",90,0,0,0,0,NA,NA,NA
"228","DK",5,1979,14,"8","6",90,0,0,0,0,NA,NA,NA
"229","DK",5,1980,18,"4","14",90,0,0,0,0,NA,NA,NA
"230","DK",5,1981,18,"4","14",90,0,0,0,0,NA,NA,NA
"231","DK",5,1982,18,"4","14",90,0,0,0,0,NA,NA,NA
"232","DK",5,1983,18,"4","14",90,0,0,0,0,NA,NA,NA
"233","DK",5,1984,18,"4","14",90,0,0,0,0,NA,NA,NA
"234","DK",5,1985,18,"4","14",90,10,90,0,0,NA,NA,NA
"235","DK",5,1986,18,"4","14",90,10,90,0,0,NA,NA,NA
"236","DK",5,1987,18,"4","14",90,10,90,0,0,NA,NA,NA
"237","DK",5,1988,18,"4","14",90,10,90,0,0,NA,NA,NA
"238","DK",5,1989,18,"4","14",90,10,90,0,0,NA,NA,NA
"239","DK",5,1990,18,"4","14",90,10,90,0,0,NA,NA,NA
"240","DK",5,1991,18,"4","14",69.4,10,69.4,0,0,NA,NA,NA
"241","DK",5,1992,18,"4","14",68.3,10,68.3,26,72,NA,NA,NA
"242","DK",5,1993,18,"4","14",61.1,10,61.1,26,72,NA,NA,NA
"243","DK",5,1994,18,"4","14",54.4,10,54.4,26,72,NA,NA,NA
"244","DK",5,1995,18,"4","14",49,10,49,26,72,NA,NA,NA
"245","DK",5,1996,18,"4","14",47.1,10,47.1,26,72,NA,NA,NA
"246","DK",5,1997,18,"4","14",46.3,10,46.3,26,54,NA,NA,NA
"247","DK",5,1998,18,"4","14",45.1,10,45.1,26,54,NA,NA,NA
"248","DK",5,1999,18,"4","14",44.7,12,44.7,26,54,NA,NA,NA
"249","DK",5,2000,18,"4","14",44.4,12,44.4,26,54,NA,NA,NA
"250","DK",5,2001,18,"4","14",42.7,12,42.7,26,54,NA,NA,NA
"251","DK",5,2002,18,"4","14",42,32,42,0,0,NA,NA,NA
"252","DK",5,2003,18,"4","14",41.6,32,41.6,0,0,NA,NA,NA
"253","DK",5,2004,18,"4","14",42.3,32,42.3,0,0,NA,NA,NA
"254","DK",5,2005,18,"4","14",41.5,32,41.5,0,0,NA,NA,NA
"255","DK",5,2006,18,"4","14",40.6,32,40.6,0,0,NA,NA,NA
"256","DK",5,2007,18,"4","14",39.7,32,39.7,0,0,NA,NA,NA
"257","DK",5,2008,18,"4","14",39.1,32,39.1,0,0,NA,NA,NA
"258","DK",5,2009,18,"4","14",39.1,32,39.1,0,0,NA,NA,NA
"259","DK",5,2010,18,"4","14",39.1,32,39.1,0,0,NA,NA,NA
"260",NA,NA,NA,NA,NA,NA,NA,NA,NA,NA,NA,NA,NA,NA
"261","FI",7,1960,0,"0","0",0,0,0,0,0,NA,NA,NA
"262","FI",7,1961,0,"0","0",0,0,0,0,0,NA,NA,NA
"263","FI",7,1962,0,"0","0",0,0,0,0,0,NA,NA,NA
"264","FI",7,1963,0,"0","0",0,0,0,0,0,NA,NA,NA
"265","FI",7,1964,9,"3","6",39,0,0,0,0,NA,NA,NA
"266","FI",7,1965,9,"3","6",39,0,0,0,0,NA,NA,NA
"267","FI",7,1966,9,"3","6",39,0,0,0,0,NA,NA,NA
"268","FI",7,1967,9,"3","6",39,0,0,0,0,NA,NA,NA
"269","FI",7,1968,9,"3","6",39,0,0,0,0,NA,NA,NA
"270","FI",7,1969,9,"3","6",39,0,0,0,0,NA,NA,NA
"271","FI",7,1970,9,"3","6",39,0,0,0,0,NA,NA,NA
"272","FI",7,1971,12,"4","8",39,0,0,0,0,NA,NA,NA
"273","FI",7,1972,12,"4","8",39,0,0,0,0,NA,NA,NA
"274","FI",7,1973,12,"4","8",39,0,0,0,0,NA,NA,NA
"275","FI",7,1974,12,"4","8",39,0,0,0,0,NA,NA,NA
"276","FI",7,1975,29,"4","25",39,0,0,0,0,NA,NA,NA
"277","FI",7,1976,29,"4","25",39,0,0,0,0,NA,NA,NA
"278","FI",7,1977,29,"4","25",39,0,0,0,0,NA,NA,NA
"279","FI",7,1978,35,"4","31",39,0,0,0,0,NA,NA,NA
"280","FI",7,1979,35,"4","31",39,0,0,0,0,NA,NA,NA
"281","FI",7,1980,39,"4","35",39,0,0,0,0,NA,NA,NA
"282","FI",7,1981,43,"4","39",39,0,0,0,0,NA,NA,NA
"283","FI",7,1982,43,"4","39",39,0,0,0,0,NA,NA,NA
"284","FI",7,1983,43,"4","39",80,0,0,0,0,NA,NA,NA
"285","FI",7,1984,43,"4","39",80,0,0,0,0,NA,NA,NA
"286","FI",7,1985,16.7,"4.2","12.5",80,31.6,80,156,22,NA,NA,NA
"287","FI",7,1986,16.7,"4.2","12.5",80,31.6,80,156,22,NA,NA,NA
"288","FI",7,1987,17.5,"4.2","13.3",80,31.6,80,156,22,NA,NA,NA
"289","FI",7,1988,17.5,"4.2","13.3",80,31.6,80,156,22,NA,NA,NA
"290","FI",7,1989,17.5,"4.2","13.3",80,31.6,80,156,22.3,NA,NA,NA
"291","FI",7,1990,17.5,"4.2","13.3",80,31.6,80,156,22.5,NA,NA,NA
"292","FI",7,1991,25.8,"8.3","17.5",80,31.6,80,156,22.8,NA,NA,NA
"293","FI",7,1992,25.8,"8.3","17.5",80,31.6,80,156,23,NA,NA,NA
"294","FI",7,1993,25.8,"8.3","17.5",80,31.6,80,156,23.3,NA,NA,NA
"295","FI",7,1994,25.8,"8.3","17.5",80,31.6,80,156,23.5,NA,NA,NA
"296","FI",7,1995,25.8,"8.3","17.5",83,31.6,83,156,23.8,NA,NA,NA
"297","FI",7,1996,25.8,"8.3","17.5",83,31.6,83,156,24,NA,NA,NA
"298","FI",7,1997,25.8,"8.3","17.5",70,31.6,70,156,18,NA,NA,NA
"299","FI",7,1998,25.8,"8.3","17.5",70,31.6,70,156,18,NA,NA,NA
"300","FI",7,1999,25.8,"8.3","17.5",70,31.6,70,156,17,NA,NA,NA
"301","FI",7,2000,25.8,"8.3","17.5",70,31.6,70,156,16.2,NA,NA,NA
"302","FI",7,2001,25.8,"8.3","17.5",70,31.6,70,156,15.5,NA,NA,NA
"303","FI",7,2002,25.8,"8.3","17.5",70,31.6,70,156,14.7,NA,NA,NA
"304","FI",7,2003,25.8,"8.3","17.5",70,31.6,70,156,14.3,NA,NA,NA
"305","FI",7,2004,25.8,"8.3","17.5",70,31.6,70,156,13.8,NA,NA,NA
"306","FI",7,2005,25.8,"8.3","17.5",70,31.6,70,156,13.1,NA,NA,NA
"307","FI",7,2006,25.8,"8.3","17.5",70,31.6,70,156,12.3,NA,NA,NA
"308","FI",7,2007,25.8,"8.3","17.5",70,31.6,70,156,13.4,NA,NA,NA
"309","FI",7,2008,25.8,"8.3","17.5",70,31.6,70,156,12.9,NA,NA,NA
"310","FI",7,2009,25.8,"8.3","17.5",70,31.6,70,156,13.3,NA,NA,NA
"311","FI",7,2010,25.8,"8.3","17.5",70,31.6,70,156,12.8,NA,NA,NA
"312",NA,NA,NA,NA,NA,NA,NA,NA,NA,NA,NA,NA,NA,NA
"313","FR",8,1960,14,"6","8",50,0,0,0,0,NA,NA,NA
"314","FR",8,1961,14,"6","8",50,0,0,0,0,NA,NA,NA
"315","FR",8,1962,14,"6","8",50,0,0,0,0,NA,NA,NA
"316","FR",8,1963,14,"6","8",50,0,0,0,0,NA,NA,NA
"317","FR",8,1964,14,"6","8",50,0,0,0,0,NA,NA,NA
"318","FR",8,1965,14,"6","8",50,0,0,0,0,NA,NA,NA
"319","FR",8,1966,14,"6","8",50,0,0,0,0,NA,NA,NA
"320","FR",8,1967,14,"6","8",50,0,0,0,0,NA,NA,NA
"321","FR",8,1968,14,"6","8",50,0,0,0,0,NA,NA,NA
"322","FR",8,1969,14,"6","8",50,0,0,0,0,NA,NA,NA
"323","FR",8,1970,14,"6","8",50,0,0,0,0,NA,NA,NA
"324","FR",8,1971,14,"6","8",90,0,0,0,0,NA,NA,NA
"325","FR",8,1972,14,"6","8",90,0,0,0,0,NA,NA,NA
"326","FR",8,1973,14,"6","8",90,0,0,0,0,NA,NA,NA
"327","FR",8,1974,14,"6","8",90,0,0,0,0,NA,NA,NA
"328","FR",8,1975,14,"6","8",90,0,0,0,0,NA,NA,NA
"329","FR",8,1976,14,"6","8",90,0,0,0,0,NA,NA,NA
"330","FR",8,1977,14,"6","8",90,104,0,0,0,NA,NA,NA
"331","FR",8,1978,14,"6","8",90,104,0,0,0,NA,NA,NA
"332","FR",8,1979,16,"6","10",90,104,0,0,0,NA,NA,NA
"333","FR",8,1980,16,"6","10",90,104,0,0,0,NA,NA,NA
"334","FR",8,1981,16,"6","10",90,104,0,0,0,NA,NA,NA
"335","FR",8,1982,16,"6","10",90,104,0,0,0,NA,NA,NA
"336","FR",8,1983,16,"6","10",90,104,0,0,0,NA,NA,NA
"337","FR",8,1984,16,"6","10",90,104,0,0,0,NA,NA,NA
"338","FR",8,1985,16,"6","10",90,104,41,0,0,NA,NA,NA
"339","FR",8,1986,16,"6","10",90,104,41,0,0,NA,NA,NA
"340","FR",8,1987,16,"6","10",90,156,41,0,0,NA,NA,NA
"341","FR",8,1988,16,"6","10",90,156,41,0,0,NA,NA,NA
"342","FR",8,1989,16,"6","10",90,156,40.9,0,0,NA,NA,NA
"343","FR",8,1990,16,"6","10",90,156,40.7,0,0,NA,NA,NA
"344","FR",8,1991,16,"6","10",84,156,40.6,0,0,NA,NA,NA
"345","FR",8,1992,16,"6","10",84,156,40.4,0,0,NA,NA,NA
"346","FR",8,1993,16,"6","10",84,156,40.3,0,0,NA,NA,NA
"347","FR",8,1994,16,"6","10",84,156,40.1,0,0,NA,NA,NA
"348","FR",8,1995,16,"6","10",84,156,40,0,0,NA,NA,NA
"349","FR",8,1996,16,"6","10",84,156,39.2,0,0,NA,NA,NA
"350","FR",8,1997,16,"6","10",100,156,39.1,0,0,NA,NA,NA
"351","FR",8,1998,16,"6","10",100,156,39.1,0,0,NA,NA,NA
"352","FR",8,1999,16,"6","10",100,156,39,0,0,NA,NA,NA
"353","FR",8,2000,16,"6","10",100,156,32.3,0,0,NA,NA,NA
"354","FR",8,2001,16,"6","10",100,156,30.9,0,0,NA,NA,NA
"355","FR",8,2002,16,"6","10",100,156,29.2,0,0,NA,NA,NA
"356","FR",8,2003,16,"6","10",100,156,28.4,0,0,NA,NA,NA
"357","FR",8,2004,16,"6","10",100,156,29.7,0,0,NA,NA,NA
"358","FR",8,2005,16,"6","10",100,156,30.2,0,0,NA,NA,NA
"359","FR",8,2006,16,"6","10",100,156,27.2,0,0,NA,NA,NA
"360","FR",8,2007,16,"6","10",100,156,27.2,0,0,NA,NA,NA
"361","FR",8,2008,16,"6","10",100,156,26.6,0,0,NA,NA,NA
"362","FR",8,2009,16,"6","10",100,156,26.6,0,0,NA,NA,NA
"363","FR",8,2010,16,"6","10",100,156,25.8,0,0,NA,NA,NA
"364",NA,NA,NA,NA,NA,NA,NA,NA,NA,NA,NA,NA,NA,NA
"365","DE",6,1960,12,"6","6",100,0,0,0,0,NA,NA,NA
"366","DE",6,1961,12,"6","6",100,0,0,0,0,NA,NA,NA
"367","DE",6,1962,12,"6","6",100,0,0,0,0,NA,NA,NA
"368","DE",6,1963,12,"6","6",100,0,0,0,0,NA,NA,NA
"369","DE",6,1964,12,"6","6",100,0,0,0,0,NA,NA,NA
"370","DE",6,1965,12,"6","6",100,0,0,0,0,NA,NA,NA
"371","DE",6,1966,12,"6","6",100,0,0,0,0,NA,NA,NA
"372","DE",6,1967,12,"6","6",100,0,0,0,0,NA,NA,NA
"373","DE",6,1968,12,"6","6",100,0,0,0,0,NA,NA,NA
"374","DE",6,1969,12,"6","6",100,0,0,0,0,NA,NA,NA
"375","DE",6,1970,14,"6","8",100,0,0,0,0,NA,NA,NA
"376","DE",6,1971,14,"6","8",100,0,0,0,0,NA,NA,NA
"377","DE",6,1972,14,"6","8",100,0,0,0,0,NA,NA,NA
"378","DE",6,1973,14,"6","8",100,0,0,0,0,NA,NA,NA
"379","DE",6,1974,14,"6","8",100,0,0,0,0,NA,NA,NA
"380","DE",6,1975,14,"6","8",100,0,0,0,0,NA,NA,NA
"381","DE",6,1976,14,"6","8",100,0,0,0,0,NA,NA,NA
"382","DE",6,1977,14,"6","8",100,0,0,0,0,NA,NA,NA
"383","DE",6,1978,14,"6","8",100,0,0,0,0,NA,NA,NA
"384","DE",6,1979,14,"6","8",100,0,0,0,0,NA,NA,NA
"385","DE",6,1980,14,"6","8",100,0,0,0,0,NA,NA,NA
"386","DE",6,1981,14,"6","8",100,0,0,0,0,NA,NA,NA
"387","DE",6,1982,14,"6","8",100,0,0,0,0,NA,NA,NA
"388","DE",6,1983,14,"6","8",100,0,0,0,0,NA,NA,NA
"389","DE",6,1984,14,"6","8",100,0,0,0,0,NA,NA,NA
"390","DE",6,1985,14,"6","8",100,0,0,0,0,NA,NA,NA
"391","DE",6,1986,14,"6","8",100,43,25,0,0,NA,NA,NA
"392","DE",6,1987,14,"6","8",100,43,25,0,0,NA,NA,NA
"393","DE",6,1988,14,"6","8",100,52,25,0,0,NA,NA,NA
"394","DE",6,1989,14,"6","8",100,65,24,0,0,NA,NA,NA
"395","DE",6,1990,14,"6","8",100,78,23,0,0,NA,NA,NA
"396","DE",6,1991,14,"6","8",100,78,22,0,0,NA,NA,NA
"397","DE",6,1992,14,"6","8",100,156,21,0,0,NA,NA,NA
"398","DE",6,1993,14,"6","8",100,156,20,0,0,NA,NA,NA
"399","DE",6,1994,14,"6","8",100,156,20,0,0,NA,NA,NA
"400","DE",6,1995,14,"6","8",100,156,19,0,0,NA,NA,NA
"401","DE",6,1996,14,"6","8",100,156,12,0,0,NA,NA,NA
"402","DE",6,1997,14,"6","8",100,156,11.8,0,0,NA,NA,NA
"403","DE",6,1998,14,"6","8",100,156,11.5,0,0,NA,NA,NA
"404","DE",6,1999,14,"6","8",100,156,11.3,0,0,NA,NA,NA
"405","DE",6,2000,14,"6","8",100,156,11.1,0,0,NA,NA,NA
"406","DE",6,2001,14,"6","8",100,156,10.8,0,0,NA,NA,NA
"407","DE",6,2002,14,"6","8",100,156,10.6,0,0,NA,NA,NA
"408","DE",6,2003,14,"6","8",100,156,10.3,0,0,NA,NA,NA
"409","DE",6,2004,14,"6","8",100,156,10.1,0,0,NA,NA,NA
"410","DE",6,2005,14,"6","8",100,156,10,0,0,NA,NA,NA
"411","DE",6,2006,14,"6","8",100,156,9.9,0,0,NA,NA,NA
"412","DE",6,2007,14,"6","8",100,156,22.3,0,0,NA,NA,NA
"413","DE",6,2008,14,"6","8",100,156,22.3,0,0,NA,NA,NA
"414","DE",6,2010,14,"6","8",100,156,22.3,0,0,NA,NA,NA
"415",NA,NA,NA,NA,NA,NA,NA,NA,NA,NA,NA,NA,NA,NA
"416","GR",9,1960,12,"6","6",50,0,0,0,0,NA,NA,NA
"417","GR",9,1961,12,"6","6",50,0,0,0,0,NA,NA,NA
"418","GR",9,1962,12,"6","6",50,0,0,0,0,NA,NA,NA
"419","GR",9,1963,12,"6","6",50,0,0,0,0,NA,NA,NA
"420","GR",9,1964,12,"6","6",50,0,0,0,0,NA,NA,NA
"421","GR",9,1965,12,"6","6",50,0,0,0,0,NA,NA,NA
"422","GR",9,1966,12,"6","6",50,0,0,0,0,NA,NA,NA
"423","GR",9,1967,12,"6","6",50,0,0,0,0,NA,NA,NA
"424","GR",9,1968,12,"6","6",50,0,0,0,0,NA,NA,NA
"425","GR",9,1969,12,"6","6",50,0,0,0,0,NA,NA,NA
"426","GR",9,1970,12,"6","6",50,0,0,0,0,NA,NA,NA
"427","GR",9,1971,12,"6","6",50,0,0,0,0,NA,NA,NA
"428","GR",9,1972,12,"6","6",50,0,0,0,0,NA,NA,NA
"429","GR",9,1973,12,"6","6",50,0,0,0,0,NA,NA,NA
"430","GR",9,1974,12,"6","6",50,0,0,0,0,NA,NA,NA
"431","GR",9,1975,12,"6","6",50,0,0,0,0,NA,NA,NA
"432","GR",9,1976,12,"6","6",50,0,0,0,0,NA,NA,NA
"433","GR",9,1977,12,"6","6",50,0,0,0,0,NA,NA,NA
"434","GR",9,1978,12,"6","6",50,0,0,0,0,NA,NA,NA
"435","GR",9,1979,12,"6","6",50,0,0,0,0,NA,NA,NA
"436","GR",9,1980,12,"6","6",50,0,0,0,0,NA,NA,NA
"437","GR",9,1981,12,"6","6",50,0,0,0,0,NA,NA,NA
"438","GR",9,1982,12,"6","6",50,0,0,0,0,NA,NA,NA
"439","GR",9,1983,12,"6","6",50,0,0,0,0,NA,NA,NA
"440","GR",9,1984,12,"6","6",50,26,0,0,0,NA,NA,NA
"441","GR",9,1985,12,"6","6",50,26,0,0,0,NA,NA,NA
"442","GR",9,1986,12,"6","6",50,26,0,0,0,NA,NA,NA
"443","GR",9,1987,12,"6","6",50,26,0,0,0,NA,NA,NA
"444","GR",9,1988,12,"6","6",50,26,0,0,0,NA,NA,NA
"445","GR",9,1989,12,"6","6",50,26,0,0,0,NA,NA,NA
"446","GR",9,1990,12,"6","6",50,26,0,0,0,NA,NA,NA
"447","GR",9,1991,15,"7.4","7.6",50,26,0,0,0,NA,NA,NA
"448","GR",9,1992,15,"7.4","7.6",50,26,0,0,0,NA,NA,NA
"449","GR",9,1993,15,"7.4","7.6",50,26,0,0,0,NA,NA,NA
"450","GR",9,1994,15,"7.4","7.6",50,26,0,0,0,NA,NA,NA
"451","GR",9,1995,16,"8","8",50,26,0,0,0,NA,NA,NA
"452","GR",9,1996,16,"8","8",50,26,0,0,0,NA,NA,NA
"453","GR",9,1997,16,"8","8",50,26,0,0,0,NA,NA,NA
"454","GR",9,1998,16,"8","8",50,26,0,0,0,NA,NA,NA
"455","GR",9,1999,16,"8","8",50,26,0,0,0,NA,NA,NA
"456","GR",9,2000,16,"8","8",50,26,0,0,0,NA,NA,NA
"457","GR",9,2001,16,"8","8",50,26,0,0,0,NA,NA,NA
"458","GR",9,2002,17,"8","9",50,26,0,0,0,NA,NA,NA
"459","GR",9,2003,17,"8","9",50,26,0,0,0,NA,NA,NA
"460","GR",9,2004,17,"8","9",50,26,0,0,0,NA,NA,NA
"461","GR",9,2005,17,"8","9",50,26,0,0,0,NA,NA,NA
"462","GR",9,2006,17,"8","9",50,26,0,0,0,NA,NA,NA
"463","GR",9,2007,17,"8","9",50,26,0,0,0,NA,NA,NA
"464","GR",9,2008,17,"8","9",50,26,0,0,0,NA,NA,NA
"465","GR",9,2009,17,"8","9",50,26,0,0,0,NA,NA,NA
"466","GR",9,2010,17,"8","9",50,26,0,0,0,NA,NA,NA
"467",NA,NA,NA,NA,NA,NA,NA,NA,NA,NA,NA,NA,NA,NA
"468","IE",10,1960,12,"6","6",34.5,0,0,0,0,NA,NA,NA
"469","IE",10,1961,12,"6","6",34.5,0,0,0,0,NA,NA,NA
"470","IE",10,1962,12,"6","6",34.5,0,0,0,0,NA,NA,NA
"471","IE",10,1963,12,"6","6",34.5,0,0,0,0,NA,NA,NA
"472","IE",10,1964,12,"6","6",34,0,0,0,0,NA,NA,NA
"473","IE",10,1965,12,"6","6",34,0,0,0,0,NA,NA,NA
"474","IE",10,1966,12,"6","6",34,0,0,0,0,NA,NA,NA
"475","IE",10,1967,12,"6","6",34.3,0,0,0,0,NA,NA,NA
"476","IE",10,1968,12,"6","6",34.3,0,0,0,0,NA,NA,NA
"477","IE",10,1969,12,"6","6",38.8,0,0,0,0,NA,NA,NA
"478","IE",10,1970,12,"6","6",38.8,0,0,0,0,NA,NA,NA
"479","IE",10,1971,12,"6","6",20,0,0,0,0,NA,NA,NA
"480","IE",10,1972,12,"6","6",25,0,0,0,0,NA,NA,NA
"481","IE",10,1973,12,"6","6",30,0,0,0,0,NA,NA,NA
"482","IE",10,1974,12,"6","6",30,0,0,0,0,NA,NA,NA
"483","IE",10,1975,12,"6","6",26,0,0,0,0,NA,NA,NA
"484","IE",10,1976,12,"6","6",30,0,0,0,0,NA,NA,NA
"485","IE",10,1977,12,"6","6",31,0,0,0,0,NA,NA,NA
"486","IE",10,1978,12,"6","6",30,0,0,0,0,NA,NA,NA
"487","IE",10,1979,12,"6","6",28,0,0,0,0,NA,NA,NA
"488","IE",10,1980,12,"6","6",24,0,0,0,0,NA,NA,NA
"489","IE",10,1981,14,"7","7",80,0,0,0,0,NA,NA,NA
"490","IE",10,1982,14,"7","7",80,0,0,0,0,NA,NA,NA
"491","IE",10,1983,14,"7","7",80,0,0,0,0,NA,NA,NA
"492","IE",10,1984,14,"7","7",70,0,0,0,0,NA,NA,NA
"493","IE",10,1985,14,"7","7",70,0,0,0,0,NA,NA,NA
"494","IE",10,1986,14,"7","7",70,0,0,0,0,NA,NA,NA
"495","IE",10,1987,14,"7","7",70,0,0,0,0,NA,NA,NA
"496","IE",10,1988,14,"7","7",70,0,0,0,0,NA,NA,NA
"497","IE",10,1989,14,"7","7",70,0,0,0,0,NA,NA,NA
"498","IE",10,1990,14,"7","7",70,0,0,0,0,NA,NA,NA
"499","IE",10,1991,14,"7","7",70,0,0,0,0,NA,NA,NA
"500","IE",10,1992,14,"7","7",70,0,0,0,0,NA,NA,NA
"501","IE",10,1993,14,"7","7",70,0,0,0,0,NA,NA,NA
"502","IE",10,1994,14,"7","7",70,0,0,0,0,NA,NA,NA
"503","IE",10,1995,14,"7","7",70,0,0,0,0,NA,NA,NA
"504","IE",10,1996,14,"7","7",70,0,0,0,0,NA,NA,NA
"505","IE",10,1997,14,"7","7",70,0,0,0,0,NA,NA,NA
"506","IE",10,1998,14,"4","10",70,28,0,0,0,NA,NA,NA
"507","IE",10,1999,14,"4","10",70,28,0,0,0,NA,NA,NA
"508","IE",10,2000,14,"4","10",70,28,0,0,0,NA,NA,NA
"509","IE",10,2001,14,"4","10",70,28,0,0,0,NA,NA,NA
"510","IE",10,2002,18,"4","14",70,28,0,0,0,NA,NA,NA
"511","IE",10,2003,18,"4","14",70,28,0,0,0,NA,NA,NA
"512","IE",10,2004,18,"4","14",70,28,0,0,0,NA,NA,NA
"513","IE",10,2005,18,"4","14",75,28,0,0,0,NA,NA,NA
"514","IE",10,2006,18,"4","14",80,28,0,0,0,NA,NA,NA
"515","IE",10,2007,18,"4","14",80,28,0,0,0,NA,NA,NA
"516","IE",10,2008,26,"2","24",80,28,0,0,0,NA,NA,NA
"517","IE",10,2009,26,"2","24",80,28,0,0,0,NA,NA,NA
"518","IE",10,2010,26,"2","24",80,28,0,0,0,NA,NA,NA
"519",NA,NA,NA,NA,NA,NA,NA,NA,NA,NA,NA,NA,NA,NA
"520","IT",11,1960,21,"13","8",80,0,0,0,0,NA,NA,NA
"521","IT",11,1961,21,"13","8",80,0,0,0,0,NA,NA,NA
"522","IT",11,1962,21,"13","8",80,0,0,0,0,NA,NA,NA
"523","IT",11,1963,21,"13","8",80,0,0,0,0,NA,NA,NA
"524","IT",11,1964,21,"13","8",80,0,0,0,0,NA,NA,NA
"525","IT",11,1965,21,"13","8",80,0,0,0,0,NA,NA,NA
"526","IT",11,1966,21,"13","8",80,0,0,0,0,NA,NA,NA
"527","IT",11,1967,21,"13","8",80,0,0,0,0,NA,NA,NA
"528","IT",11,1968,21,"13","8",80,0,0,0,0,NA,NA,NA
"529","IT",11,1969,21,"13","8",80,0,0,0,0,NA,NA,NA
"530","IT",11,1970,17,"9","8",80,0,0,0,0,NA,NA,NA
"531","IT",11,1971,17,"9","8",80,0,0,0,0,NA,NA,NA
"532","IT",11,1972,17,"9","8",80,0,0,0,0,NA,NA,NA
"533","IT",11,1973,23.7,"10.7","13",80,26,30,0,0,NA,NA,NA
"534","IT",11,1974,23.7,"10.7","13",80,26,30,0,0,NA,NA,NA
"535","IT",11,1975,23.7,"10.7","13",80,26,30,0,0,NA,NA,NA
"536","IT",11,1976,23.7,"10.7","13",80,26,30,0,0,NA,NA,NA
"537","IT",11,1977,23.7,"10.7","13",80,26,30,0,0,NA,NA,NA
"538","IT",11,1978,23.7,"10.7","13",80,26,30,0,0,NA,NA,NA
"539","IT",11,1979,23.7,"10.7","13",80,26,30,0,0,NA,NA,NA
"540","IT",11,1980,23.7,"10.7","13",80,26,30,0,0,NA,NA,NA
"541","IT",11,1981,23.7,"10.7","13",80,26,30,0,0,NA,NA,NA
"542","IT",11,1982,23.7,"10.7","13",80,26,30,0,0,NA,NA,NA
"543","IT",11,1983,23.7,"10.7","13",80,26,30,0,0,NA,NA,NA
"544","IT",11,1984,23.7,"10.7","13",80,26,30,0,0,NA,NA,NA
"545","IT",11,1985,21.5,"8.6","12.9",80,26,30,0,0,NA,NA,NA
"546","IT",11,1986,21.5,"8.6","12.9",80,26,30,0,0,NA,NA,NA
"547","IT",11,1987,21.5,"8.6","12.9",80,26,30,0,0,NA,NA,NA
"548","IT",11,1988,21.5,"8.6","12.9",80,26,30,0,0,NA,NA,NA
"549","IT",11,1989,21.5,"8.6","12.9",80,26,30,0,0,NA,NA,NA
"550","IT",11,1990,21.5,"8.6","12.9",80,26,30,0,0,NA,NA,NA
"551","IT",11,1991,21.5,"8.6","12.9",80,26,30,0,0,NA,NA,NA
"552","IT",11,1992,21.5,"8.6","12.9",80,26,30,0,0,NA,NA,NA
"553","IT",11,1993,21.5,"8.6","12.9",80,26,30,0,0,NA,NA,NA
"554","IT",11,1994,21.5,"8.6","12.9",80,26,30,0,0,NA,NA,NA
"555","IT",11,1995,21.5,"8.6","12.9",80,26,30,0,0,NA,NA,NA
"556","IT",11,1996,21.5,"8.6","12.9",80,26,30,0,0,NA,NA,NA
"557","IT",11,1997,21.5,"8.6","12.9",80,26,30,0,0,NA,NA,NA
"558","IT",11,1998,21.5,"8.6","12.9",80,26,30,0,0,NA,NA,NA
"559","IT",11,1999,21.5,"8.6","12.9",80,43,30,0,0,NA,NA,NA
"560","IT",11,2000,21.7,"8.7","13.0",80,44,30,0,0,NA,NA,NA
"561","IT",11,2001,21.7,"4.3","17.3",80,44,30,0,0,NA,NA,NA
"562","IT",11,2002,21.7,"4.3","17.3",80,44,30,0,0,NA,NA,NA
"563","IT",11,2003,21.7,"4.3","17.3",80,44,30,0,0,NA,NA,NA
"564","IT",11,2004,21.7,"4.3","17.3",80,44,30,0,0,NA,NA,NA
"565","IT",11,2005,21.7,"4.3","17.3",80,44,30,0,0,NA,NA,NA
"566","IT",11,2006,21.7,"4.3","17.3",80,44,30,0,0,NA,NA,NA
"567","IT",11,2007,21.7,"4.3","17.3",80,44,30,0,0,NA,NA,NA
"568","IT",11,2008,21.7,"4.3","17.3",80,44,30,0,0,NA,NA,NA
"569","IT",11,2009,21.7,"4.3","17.3",81,44,30,0,0,NA,NA,NA
"570","IT",11,2010,21.7,"4.3","17.3",82,44,30,0,0,NA,NA,NA
"571",NA,NA,NA,NA,NA,NA,NA,NA,NA,NA,NA,NA,NA,NA
"572","JP",12,1960,12,"6","6",60,0,0,0,0,NA,NA,NA
"573","JP",12,1961,12,"6","6",60,0,0,0,0,NA,NA,NA
"574","JP",12,1962,12,"6","6",60,0,0,0,0,NA,NA,NA
"575","JP",12,1963,12,"6","6",60,0,0,0,0,NA,NA,NA
"576","JP",12,1964,12,"6","6",60,0,0,0,0,NA,NA,NA
"577","JP",12,1965,12,"6","6",60,0,0,0,0,NA,NA,NA
"578","JP",12,1966,12,"6","6",60,0,0,0,0,NA,NA,NA
"579","JP",12,1967,12,"6","6",60,0,0,0,0,NA,NA,NA
"580","JP",12,1968,12,"6","6",60,0,0,0,0,NA,NA,NA
"581","JP",12,1969,12,"6","6",60,0,0,0,0,NA,NA,NA
"582","JP",12,1970,12,"6","6",60,0,0,0,0,NA,NA,NA
"583","JP",12,1971,12,"6","6",60,0,0,0,0,NA,NA,NA
"584","JP",12,1972,12,"6","6",60,0,0,0,0,NA,NA,NA
"585","JP",12,1973,12,"6","6",60,0,0,0,0,NA,NA,NA
"586","JP",12,1974,12,"6","6",60,0,0,0,0,NA,NA,NA
"587","JP",12,1975,12,"6","6",60,0,0,0,0,NA,NA,NA
"588","JP",12,1976,12,"6","6",60,0,0,0,0,NA,NA,NA
"589","JP",12,1977,12,"6","6",60,0,0,0,0,NA,NA,NA
"590","JP",12,1978,12,"6","6",60,0,0,0,0,NA,NA,NA
"591","JP",12,1979,12,"6","6",60,0,0,0,0,NA,NA,NA
"592","JP",12,1980,12,"6","6",60,0,0,0,0,NA,NA,NA
"593","JP",12,1981,12,"6","6",60,0,0,0,0,NA,NA,NA
"594","JP",12,1982,12,"6","6",60,0,0,0,0,NA,NA,NA
"595","JP",12,1983,12,"6","6",60,0,0,0,0,NA,NA,NA
"596","JP",12,1984,12,"6","6",60,0,0,0,0,NA,NA,NA
"597","JP",12,1985,12,"6","6",60,0,0,0,0,NA,NA,NA
"598","JP",12,1986,12,"6","6",60,0,0,0,0,NA,NA,NA
"599","JP",12,1987,12,"6","6",60,0,0,0,0,NA,NA,NA
"600","JP",12,1988,12,"6","6",60,0,0,0,0,NA,NA,NA
"601","JP",12,1989,14,"6","8",60,0,0,0,0,NA,NA,NA
"602","JP",12,1990,14,"6","8",60,0,0,0,0,NA,NA,NA
"603","JP",12,1991,14,"6","8",60,0,0,0,0,NA,NA,NA
"604","JP",12,1992,14,"6","8",60,52,0,0,0,NA,NA,NA
"605","JP",12,1993,14,"6","8",60,52,0,0,0,NA,NA,NA
"606","JP",12,1994,14,"6","8",60,52,0,0,0,NA,NA,NA
"607","JP",12,1995,14,"6","8",60,52,25,0,0,NA,NA,NA
"608","JP",12,1996,14,"6","8",60,52,25,0,0,NA,NA,NA
"609","JP",12,1997,14,"6","8",60,52,25,0,0,NA,NA,NA
"610","JP",12,1998,14,"6","8",60,52,25,0,0,NA,NA,NA
"611","JP",12,1999,14,"6","8",60,52,25,0,0,NA,NA,NA
"612","JP",12,2000,14,"ns","ns",60,52,25,0,0,NA,NA,NA
"613","JP",12,2001,14,"ns","ns",60,52,40,0,0,NA,NA,NA
"614","JP",12,2002,14,"ns","ns",60,52,40,0,0,NA,NA,NA
"615","JP",12,2003,14,"ns","ns",60,52,40,0,0,NA,NA,NA
"616","JP",12,2004,14,"ns","ns",60,52,40,0,0,NA,NA,NA
"617","JP",12,2005,14,"ns","ns",60,52,40,0,0,NA,NA,NA
"618","JP",12,2006,14,"ns","ns",60,52,40,0,0,NA,NA,NA
"619","JP",12,2007,14,"ns","ns",60,52,40,0,0,NA,NA,NA
"620","JP",12,2008,14,"ns","ns",60,52,40,0,0,NA,NA,NA
"621","JP",12,2009,14,"ns","ns",60,52,40,0,0,NA,NA,NA
"622","JP",12,2010,14,"ns","ns",60,52,40,0,0,NA,NA,NA
"623",NA,NA,NA,NA,NA,NA,NA,NA,NA,NA,NA,NA,NA,NA
"624","LU",13,1960,12,"6","6",75,0,0,0,0,NA,NA,NA
"625","LU",13,1961,12,"6","6",75,0,0,0,0,NA,NA,NA
"626","LU",13,1962,12,"6","6",75,0,0,0,0,NA,NA,NA
"627","LU",13,1963,12,"6","6",75,0,0,0,0,NA,NA,NA
"628","LU",13,1964,12,"6","6",70,0,0,0,0,NA,NA,NA
"629","LU",13,1965,12,"6","6",70,0,0,0,0,NA,NA,NA
"630","LU",13,1966,12,"6","6",70,0,0,0,0,NA,NA,NA
"631","LU",13,1967,12,"6","6",70,0,0,0,0,NA,NA,NA
"632","LU",13,1968,12,"6","6",70,0,0,0,0,NA,NA,NA
"633","LU",13,1969,12,"6","6",70,0,0,0,0,NA,NA,NA
"634","LU",13,1970,12,"6","6",75,0,0,0,0,NA,NA,NA
"635","LU",13,1971,12,"6","6",75,0,0,0,0,NA,NA,NA
"636","LU",13,1972,12,"6","6",75,0,0,0,0,NA,NA,NA
"637","LU",13,1973,12,"6","6",75,0,0,0,0,NA,NA,NA
"638","LU",13,1974,12,"6","6",100,0,0,0,0,NA,NA,NA
"639","LU",13,1975,12,"6","6",100,0,0,0,0,NA,NA,NA
"640","LU",13,1976,12,"6","6",100,0,0,0,0,NA,NA,NA
"641","LU",13,1977,16,"8","8",100,0,0,0,0,NA,NA,NA
"642","LU",13,1978,16,"8","8",100,0,0,0,0,NA,NA,NA
"643","LU",13,1979,16,"8","8",100,0,0,0,0,NA,NA,NA
"644","LU",13,1980,16,"8","8",100,0,0,0,0,NA,NA,NA
"645","LU",13,1981,16,"8","8",100,0,0,0,0,NA,NA,NA
"646","LU",13,1982,16,"8","8",100,0,0,0,0,NA,NA,NA
"647","LU",13,1983,16,"8","8",100,0,0,0,0,NA,NA,NA
"648","LU",13,1984,16,"8","8",100,0,0,0,0,NA,NA,NA
"649","LU",13,1985,16,"8","8",100,0,0,0,0,NA,NA,NA
"650","LU",13,1986,16,"8","8",100,0,0,0,0,NA,NA,NA
"651","LU",13,1987,16,"8","8",100,0,0,0,0,NA,NA,NA
"652","LU",13,1988,16,"8","8",100,0,0,104,25,NA,NA,NA
"653","LU",13,1989,16,"8","8",100,0,0,104,25,NA,NA,NA
"654","LU",13,1990,16,"8","8",100,0,0,104,25,NA,NA,NA
"655","LU",13,1991,16,"8","8",100,0,0,104,25,NA,NA,NA
"656","LU",13,1992,16,"8","8",100,0,0,104,25,NA,NA,NA
"657","LU",13,1993,16,"8","8",100,0,0,104,25,NA,NA,NA
"658","LU",13,1994,16,"8","8",100,0,0,104,25,NA,NA,NA
"659","LU",13,1995,16,"8","8",100,0,0,104,25,NA,NA,NA
"660","LU",13,1996,16,"8","8",100,0,0,104,25,NA,NA,NA
"661","LU",13,1997,16,"8","8",100,0,0,104,25,NA,NA,NA
"662","LU",13,1998,16,"8","8",100,0,0,104,25,NA,NA,NA
"663","LU",13,1999,16,"8","8",100,52,105.7,104,28.1,NA,NA,NA
"664","LU",13,2000,16,"8","8",100,52,98.4,104,26.8,NA,NA,NA
"665","LU",13,2001,16,"8","8",100,52,99.6,104,27.2,NA,NA,NA
"666","LU",13,2002,16,"8","8",100,52,98.6,104,26.9,NA,NA,NA
"667","LU",13,2003,16,"8","8",100,52,96.9,104,26.4,NA,NA,NA
"668","LU",13,2004,16,"8","8",100,52,96,104,26.2,NA,NA,NA
"669","LU",13,2005,16,"8","8",100,52,94,104,25.6,NA,NA,NA
"670","LU",13,2006,16,"8","8",100,52,97.4,104,26.6,NA,NA,NA
"671","LU",13,2007,16,"8","8",100,52,96,104,26.2,NA,NA,NA
"672","LU",13,2008,16,"8","8",100,52,94,104,25.6,NA,NA,NA
"673","LU",13,2009,16,"8","8",100,52,92.1,104,25.1,NA,NA,NA
"674","LU",13,2010,16,"8","8",100,52,90.2,104,24.6,NA,NA,NA
"675",NA,NA,NA,NA,NA,NA,NA,NA,NA,NA,NA,NA,NA,NA
"676","NL",14,1960,12,"6","6",100,0,0,0,0,NA,NA,NA
"677","NL",14,1961,12,"6","6",100,0,0,0,0,NA,NA,NA
"678","NL",14,1962,12,"6","6",100,0,0,0,0,NA,NA,NA
"679","NL",14,1963,12,"6","6",100,0,0,0,0,NA,NA,NA
"680","NL",14,1964,12,"6","6",100,0,0,0,0,NA,NA,NA
"681","NL",14,1965,12,"6","6",100,0,0,0,0,NA,NA,NA
"682","NL",14,1966,12,"6","6",100,0,0,0,0,NA,NA,NA
"683","NL",14,1967,12,"6","6",100,0,0,0,0,NA,NA,NA
"684","NL",14,1968,12,"6","6",100,0,0,0,0,NA,NA,NA
"685","NL",14,1969,12,"6","6",100,0,0,0,0,NA,NA,NA
"686","NL",14,1970,12,"6","6",100,0,0,0,0,NA,NA,NA
"687","NL",14,1971,12,"6","6",100,0,0,0,0,NA,NA,NA
"688","NL",14,1972,12,"6","6",100,0,0,0,0,NA,NA,NA
"689","NL",14,1973,12,"6","6",100,0,0,0,0,NA,NA,NA
"690","NL",14,1974,12,"6","6",100,0,0,0,0,NA,NA,NA
"691","NL",14,1975,12,"6","6",100,0,0,0,0,NA,NA,NA
"692","NL",14,1976,12,"6","6",100,0,0,0,0,NA,NA,NA
"693","NL",14,1977,12,"6","6",100,0,0,0,0,NA,NA,NA
"694","NL",14,1978,12,"6","6",100,0,0,0,0,NA,NA,NA
"695","NL",14,1979,12,"6","6",100,0,0,0,0,NA,NA,NA
"696","NL",14,1980,12,"6","6",100,0,0,0,0,NA,NA,NA
"697","NL",14,1981,12,"6","6",100,0,0,0,0,NA,NA,NA
"698","NL",14,1982,12,"6","6",100,0,0,0,0,NA,NA,NA
"699","NL",14,1983,12,"6","6",100,0,0,0,0,NA,NA,NA
"700","NL",14,1984,12,"6","6",100,0,0,0,0,NA,NA,NA
"701","NL",14,1985,12,"6","6",100,0,0,0,0,NA,NA,NA
"702","NL",14,1986,12,"6","6",100,0,0,0,0,NA,NA,NA
"703","NL",14,1987,12,"6","6",100,0,0,0,0,NA,NA,NA
"704","NL",14,1988,12,"6","6",100,0,0,0,0,NA,NA,NA
"705","NL",14,1989,12,"6","6",100,0,0,0,0,NA,NA,NA
"706","NL",14,1990,12,"6","6",100,52,0,0,0,NA,NA,NA
"707","NL",14,1991,12,"6","6",100,52,0,0,0,NA,NA,NA
"708","NL",14,1992,12,"6","6",100,52,0,0,0,NA,NA,NA
"709","NL",14,1993,16,"8","8",100,52,0,0,0,NA,NA,NA
"710","NL",14,1994,16,"8","8",100,52,0,0,0,NA,NA,NA
"711","NL",14,1995,16,"8","8",100,52,0,0,0,NA,NA,NA
"712","NL",14,1996,16,"8","8",100,52,0,0,0,NA,NA,NA
"713","NL",14,1997,16,"8","8",100,52,0,0,0,NA,NA,NA
"714","NL",14,1998,16,"8","8",100,52,0,0,0,NA,NA,NA
"715","NL",14,1999,16,"8","8",100,52,0,0,0,NA,NA,NA
"716","NL",14,2000,16,"6","10",100,52,0,0,0,NA,NA,NA
"717","NL",14,2001,16,"6","10",100,52,0,0,0,NA,NA,NA
"718","NL",14,2002,16,"6","10",100,52,0,0,0,NA,NA,NA
"719","NL",14,2003,16,"6","10",100,52,0,0,0,NA,NA,NA
"720","NL",14,2004,16,"6","10",100,52,0,0,0,NA,NA,NA
"721","NL",14,2005,16,"6","10",100,52,0,0,0,NA,NA,NA
"722","NL",14,2006,16,"6","10",100,52,0,0,0,NA,NA,NA
"723","NL",14,2007,16,"6","10",100,52,0,0,0,NA,NA,NA
"724","NL",14,2008,16,"6","10",100,52,0,0,0,NA,NA,NA
"725","NL",14,2009,16,"6","10",100,52,24.7,0,0,NA,NA,NA
"726","NL",14,2010,16,"6","10",100,52,24.6,0,0,NA,NA,NA
"727",NA,NA,NA,NA,NA,NA,NA,NA,NA,NA,NA,NA,NA,NA
"728","NZ",15,1960,0,"0","0",0,0,0,0,0,NA,NA,NA
"729","NZ",15,1961,0,"0","0",0,0,0,0,0,NA,NA,NA
"730","NZ",15,1962,0,"0","0",0,0,0,0,0,NA,NA,NA
"731","NZ",15,1963,0,"0","0",0,0,0,0,0,NA,NA,NA
"732","NZ",15,1964,0,"0","0",0,0,0,0,0,NA,NA,NA
"733","NZ",15,1965,0,"0","0",0,0,0,0,0,NA,NA,NA
"734","NZ",15,1966,0,"0","0",0,0,0,0,0,NA,NA,NA
"735","NZ",15,1967,0,"0","0",0,0,0,0,0,NA,NA,NA
"736","NZ",15,1968,0,"0","0",0,0,0,0,0,NA,NA,NA
"737","NZ",15,1969,0,"0","0",0,0,0,0,0,NA,NA,NA
"738","NZ",15,1970,0,"0","0",0,0,0,0,0,NA,NA,NA
"739","NZ",15,1971,0,"0","0",0,0,0,0,0,NA,NA,NA
"740","NZ",15,1972,0,"0","0",0,0,0,0,0,NA,NA,NA
"741","NZ",15,1973,0,"0","0",0,0,0,0,0,NA,NA,NA
"742","NZ",15,1974,0,"0","0",0,0,0,0,0,NA,NA,NA
"743","NZ",15,1975,0,"0","0",0,0,0,0,0,NA,NA,NA
"744","NZ",15,1976,0,"0","0",0,0,0,0,0,NA,NA,NA
"745","NZ",15,1977,0,"0","0",0,0,0,0,0,NA,NA,NA
"746","NZ",15,1978,0,"0","0",0,0,0,0,0,NA,NA,NA
"747","NZ",15,1979,0,"0","0",0,0,0,0,0,NA,NA,NA
"748","NZ",15,1980,0,"0","0",0,0,0,0,0,NA,NA,NA
"749","NZ",15,1981,0,"0","0",0,0,0,0,0,NA,NA,NA
"750","NZ",15,1982,0,"0","0",0,0,0,0,0,NA,NA,NA
"751","NZ",15,1983,0,"0","0",0,0,0,0,0,NA,NA,NA
"752","NZ",15,1984,0,"0","0",0,0,0,0,0,NA,NA,NA
"753","NZ",15,1985,0,"0","0",0,0,0,0,0,NA,NA,NA
"754","NZ",15,1986,0,"0","0",0,0,0,0,0,NA,NA,NA
"755","NZ",15,1987,0,"0","0",0,0,0,0,0,NA,NA,NA
"756","NZ",15,1988,0,"0","0",0,0,0,0,0,NA,NA,NA
"757","NZ",15,1989,0,"0","0",0,0,0,0,0,NA,NA,NA
"758","NZ",15,1990,0,"0","0",0,0,0,0,0,NA,NA,NA
"759","NZ",15,1991,0,"0","0",0,0,0,0,0,NA,NA,NA
"760","NZ",15,1992,0,"0","0",0,0,0,0,0,NA,NA,NA
"761","NZ",15,1993,0,"0","0",0,0,0,0,0,NA,NA,NA
"762","NZ",15,1994,0,"0","0",0,0,0,0,0,NA,NA,NA
"763","NZ",15,1995,0,"0","0",0,0,0,0,0,NA,NA,NA
"764","NZ",15,1996,0,"0","0",0,0,0,0,0,NA,NA,NA
"765","NZ",15,1997,0,"0","0",0,0,0,0,0,NA,NA,NA
"766","NZ",15,1998,0,"0","0",0,0,0,0,0,NA,NA,NA
"767","NZ",15,1999,0,"0","0",0,0,0,0,0,NA,NA,NA
"768","NZ",15,2000,0,"0","0",0,0,0,0,0,NA,NA,NA
"769","NZ",15,2001,0,"0","0",0,0,0,0,0,NA,NA,NA
"770","NZ",15,2002,0,"0","0",0,12,100,0,0,NA,NA,NA
"771","NZ",15,2003,0,"0","0",0,12,100,0,0,NA,NA,NA
"772","NZ",15,2004,0,"0","0",0,12,100,0,0,NA,NA,NA
"773","NZ",15,2005,0,"0","0",0,14,100,0,0,NA,NA,NA
"774","NZ",15,2006,0,"0","0",0,14,100,0,0,NA,NA,NA
"775","NZ",15,2007,0,"0","0",0,14,100,0,0,NA,NA,NA
"776","NZ",15,2008,0,"0","0",0,14,100,0,0,NA,NA,NA
"777","NZ",15,2009,0,"0","0",0,14,100,0,0,NA,NA,NA
"778","NZ",15,2010,0,"0","0",0,14,100,0,0,NA,NA,NA
"779",NA,NA,NA,NA,NA,NA,NA,NA,NA,NA,NA,NA,NA,NA
"780","NO",16,1960,12,"6","6",40,0,0,0,0,NA,NA,NA
"781","NO",16,1961,12,"6","6",40,0,0,0,0,NA,NA,NA
"782","NO",16,1962,12,"6","6",40,0,0,0,0,NA,NA,NA
"783","NO",16,1963,12,"6","6",40,0,0,0,0,NA,NA,NA
"784","NO",16,1964,12,"6","6",41,0,0,0,0,NA,NA,NA
"785","NO",16,1965,12,"6","6",41,0,0,0,0,NA,NA,NA
"786","NO",16,1966,12,"6","6",41,0,0,0,0,NA,NA,NA
"787","NO",16,1967,12,"6","6",31,0,0,0,0,NA,NA,NA
"788","NO",16,1968,12,"6","6",31,0,0,0,0,NA,NA,NA
"789","NO",16,1969,12,"6","6",47,0,0,0,0,NA,NA,NA
"790","NO",16,1970,12,"6","6",32,0,0,0,0,NA,NA,NA
"791","NO",16,1971,12,"6","6",32,0,0,0,0,NA,NA,NA
"792","NO",16,1972,12,"6","6",31,0,0,0,0,NA,NA,NA
"793","NO",16,1973,12,"6","6",31,0,0,0,0,NA,NA,NA
"794","NO",16,1974,12,"6","6",30,0,0,0,0,NA,NA,NA
"795","NO",16,1975,12,"6","6",29,0,0,0,0,NA,NA,NA
"796","NO",16,1976,12,"6","6",29,0,0,0,0,NA,NA,NA
"797","NO",16,1977,0,"0","0",0,18,100,0,0,NA,NA,NA
"798","NO",16,1978,0,"0","0",0,18,100,52,0,NA,NA,NA
"799","NO",16,1979,0,"0","0",0,18,100,52,0,NA,NA,NA
"800","NO",16,1980,0,"0","0",0,18,100,52,0,NA,NA,NA
"801","NO",16,1981,0,"0","0",0,18,100,52,0,NA,NA,NA
"802","NO",16,1982,0,"0","0",0,18,100,52,0,NA,NA,NA
"803","NO",16,1983,0,"0","0",0,21.6,100,52,0,NA,NA,NA
"804","NO",16,1984,0,"0","0",0,21.6,100,52,0,NA,NA,NA
"805","NO",16,1985,0,"0","0",0,18,100,52,0,NA,NA,NA
"806","NO",16,1986,0,"0","0",0,18,100,52,0,NA,NA,NA
"807","NO",16,1987,0,"0","0",0,18,100,52,0,NA,NA,NA
"808","NO",16,1988,0,"0","0",0,18,100,52,0,NA,NA,NA
"809","NO",16,1989,0,"0","0",0,24,100,52,0,NA,NA,NA
"810","NO",16,1990,0,"0","0",0,24,100,52,0,NA,NA,NA
"811","NO",16,1991,0,"0","0",0,28,100,52,0,NA,NA,NA
"812","NO",16,1992,0,"0","0",0,28,100,52,0,NA,NA,NA
"813","NO",16,1993,0,"0","0",0,42,100,52,0,NA,NA,NA
"814","NO",16,1994,0,"0","0",0,42,100,52,0,NA,NA,NA
"815","NO",16,1995,0,"0","0",0,42,100,52,0,NA,NA,NA
"816","NO",16,1996,0,"0","0",0,42,100,52,0,NA,NA,NA
"817","NO",16,1997,0,"0","0",0,42,100,52,0,NA,NA,NA
"818","NO",16,1998,0,"0","0",0,42,100,52,16,NA,NA,NA
"819","NO",16,1999,0,"0","0",0,42,100,104,14.8,NA,NA,NA
"820","NO",16,2000,0,"0","0",0,39,100,104,13.7,NA,NA,NA
"821","NO",16,2001,0,"0","0",0,42,100,104,12.8,NA,NA,NA
"822","NO",16,2002,0,"0","0",0,42,100,104,12,NA,NA,NA
"823","NO",16,2003,0,"0","0",0,42,100,104,11.3,NA,NA,NA
"824","NO",16,2004,0,"0","0",0,42,100,104,13.2,NA,NA,NA
"825","NO",16,2005,0,"0","0",0,42,100,104,10.4,NA,NA,NA
"826","NO",16,2006,0,"0","0",0,54,100,104,10.3,NA,NA,NA
"827","NO",16,2007,0,"0","0",0,54,100,104,10.2,NA,NA,NA
"828","NO",16,2008,0,"0","0",0,54,100,104,9.9,NA,NA,NA
"829","NO",16,2009,0,"0","0",0,56,100,104,9.9,NA,NA,NA
"830","NO",16,2010,0,"0","0",0,56,100,104,9.8,NA,NA,NA
"831",NA,NA,NA,NA,NA,NA,NA,NA,NA,NA,NA,NA,NA,NA
"832","PT",17,1960,4.3,"ns","ns",33,0,0,0,0,NA,NA,NA
"833","PT",17,1961,4.3,"ns","ns",33,0,0,0,0,NA,NA,NA
"834","PT",17,1962,4.3,"ns","ns",33,0,0,0,0,NA,NA,NA
"835","PT",17,1963,4.3,"ns","ns",33,0,0,0,0,NA,NA,NA
"836","PT",17,1964,8.5,"ns","ns",100,0,0,0,0,NA,NA,NA
"837","PT",17,1965,8.5,"ns","ns",100,0,0,0,0,NA,NA,NA
"838","PT",17,1966,8.5,"ns","ns",100,0,0,0,0,NA,NA,NA
"839","PT",17,1967,8.5,"ns","ns",100,0,0,0,0,NA,NA,NA
"840","PT",17,1968,8.5,"ns","ns",100,0,0,0,0,NA,NA,NA
"841","PT",17,1969,8.5,"ns","ns",100,0,0,0,0,NA,NA,NA
"842","PT",17,1970,8.5,"ns","ns",100,0,0,0,0,NA,NA,NA
"843","PT",17,1971,8.5,"ns","ns",100,0,0,0,0,NA,NA,NA
"844","PT",17,1972,8.5,"ns","ns",100,0,0,0,0,NA,NA,NA
"845","PT",17,1973,8.5,"ns","ns",100,0,0,0,0,NA,NA,NA
"846","PT",17,1974,8.5,"ns","ns",100,0,0,0,0,NA,NA,NA
"847","PT",17,1975,8.5,"ns","ns",100,0,0,0,0,NA,NA,NA
"848","PT",17,1976,8.5,"ns","ns",100,0,0,0,0,NA,NA,NA
"849","PT",17,1977,12.9,"ns","ns",100,0,0,0,0,NA,NA,NA
"850","PT",17,1978,12.9,"4.3","8.5",100,0,0,0,0,NA,NA,NA
"851","PT",17,1979,12.9,"4.3","8.5",100,0,0,0,0,NA,NA,NA
"852","PT",17,1980,12.9,"4.3","8.5",100,0,0,0,0,NA,NA,NA
"853","PT",17,1981,12.9,"4.3","8.5",100,0,0,0,0,NA,NA,NA
"854","PT",17,1982,12.9,"4.3","8.5",100,0,0,0,0,NA,NA,NA
"855","PT",17,1983,12.9,"4.3","8.5",100,0,0,0,0,NA,NA,NA
"856","PT",17,1984,12.9,"4.3","8.5",100,26,0,0,0,NA,NA,NA
"857","PT",17,1985,12.9,"4.3","8.5",100,26,0,0,0,NA,NA,NA
"858","PT",17,1986,12.9,"4.3","8.5",100,26,0,0,0,NA,NA,NA
"859","PT",17,1987,12.9,"4.3","8.5",100,26,0,0,0,NA,NA,NA
"860","PT",17,1988,12.9,"4.3","8.5",100,26,0,0,0,NA,NA,NA
"861","PT",17,1989,12.9,"4.3","8.5",100,26,0,0,0,NA,NA,NA
"862","PT",17,1990,12.9,"4.3","8.5",100,26,0,0,0,NA,NA,NA
"863","PT",17,1991,12.9,"4.3","8.5",100,26,0,0,0,NA,NA,NA
"864","PT",17,1992,12.9,"4.3","8.5",100,26,0,0,0,NA,NA,NA
"865","PT",17,1993,12.9,"4.3","8.5",100,26,0,0,0,NA,NA,NA
"866","PT",17,1994,12.9,"4.3","8.5",100,26,0,0,0,NA,NA,NA
"867","PT",17,1995,14,"4.3","8.5",100,26,0,0,0,NA,NA,NA
"868","PT",17,1996,14,"4.3","8.5",100,26,0,0,0,NA,NA,NA
"869","PT",17,1997,14,"4.3","8.5",100,26,0,0,0,NA,NA,NA
"870","PT",17,1998,14,"5.4","8.6",100,26,0,0,0,NA,NA,NA
"871","PT",17,1999,15.7,"2.9","12.9",100,26,0,0,0,NA,NA,NA
"872","PT",17,2000,15.7,"2.9","12.9",100,26,0,0,0,NA,NA,NA
"873","PT",17,2001,17.1,"4.3","12.9",100,26,0,0,0,NA,NA,NA
"874","PT",17,2002,17.1,"4.3","12.9",100,26,0,0,0,NA,NA,NA
"875","PT",17,2003,17.1,"4.3","12.9",100,26,0,0,0,NA,NA,NA
"876","PT",17,2004,17.1,"4.3","12.9",100,26,0,0,0,NA,NA,NA
"877","PT",17,2005,17.1,"4.3","12.9",100,26,0,0,0,NA,NA,NA
"878","PT",17,2006,17.1,"4.3","12.9",100,26,0,0,0,NA,NA,NA
"879","PT",17,2007,17.1,"4.3","12.9",100,26,0,0,0,NA,NA,NA
"880","PT",17,2008,17.1,"4.3","12.9",100,26,0,0,0,NA,NA,NA
"881","PT",17,2009,17.1,"4.3","12.9",100,26,25,0,0,NA,NA,NA
"882","PT",17,2010,17.1,"4.3","12.9",100,26,25,0,0,NA,NA,NA
"883",NA,NA,NA,NA,NA,NA,NA,NA,NA,NA,NA,NA,NA,NA
"884","ES",18,1960,12,"6","6",60,0,0,0,0,NA,NA,NA
"885","ES",18,1961,12,"6","6",60,0,0,0,0,NA,NA,NA
"886","ES",18,1962,12,"6","6",60,0,0,0,0,NA,NA,NA
"887","ES",18,1963,12,"6","6",60,0,0,0,0,NA,NA,NA
"888","ES",18,1964,12,"6","6",60,0,0,0,0,NA,NA,NA
"889","ES",18,1965,12,"6","6",60,0,0,0,0,NA,NA,NA
"890","ES",18,1966,12,"6","6",60,0,0,0,0,NA,NA,NA
"891","ES",18,1967,12,"6","6",75,0,0,0,0,NA,NA,NA
"892","ES",18,1968,12,"6","6",75,0,0,0,0,NA,NA,NA
"893","ES",18,1969,12,"6","6",75,0,0,0,0,NA,NA,NA
"894","ES",18,1970,12,"6","6",75,0,0,0,0,NA,NA,NA
"895","ES",18,1971,12,"6","6",75,0,0,0,0,NA,NA,NA
"896","ES",18,1972,12,"6","6",75,0,0,0,0,NA,NA,NA
"897","ES",18,1973,12,"6","6",75,0,0,0,0,NA,NA,NA
"898","ES",18,1974,12,"6","6",75,0,0,0,0,NA,NA,NA
"899","ES",18,1975,12,"6","6",75,0,0,0,0,NA,NA,NA
"900","ES",18,1976,12,"6","6",75,0,0,0,0,NA,NA,NA
"901","ES",18,1977,14,"6","8",75,0,0,0,0,NA,NA,NA
"902","ES",18,1978,14,"6","8",75,0,0,0,0,NA,NA,NA
"903","ES",18,1979,14,"6","8",75,0,0,0,0,NA,NA,NA
"904","ES",18,1980,14,"6","8",75,156,0,0,0,NA,NA,NA
"905","ES",18,1981,14,"6","8",75,156,0,0,0,NA,NA,NA
"906","ES",18,1982,14,"6","8",75,156,0,0,0,NA,NA,NA
"907","ES",18,1983,14,"6","8",75,156,0,0,0,NA,NA,NA
"908","ES",18,1984,14,"6","8",75,156,0,0,0,NA,NA,NA
"909","ES",18,1985,14,"6","8",75,156,0,0,0,NA,NA,NA
"910","ES",18,1986,14,"6","8",75,156,0,0,0,NA,NA,NA
"911","ES",18,1987,14,"6","8",75,156,0,0,0,NA,NA,NA
"912","ES",18,1988,14,"6","8",75,156,0,0,0,NA,NA,NA
"913","ES",18,1989,14,"6","8",75,156,0,0,0,NA,NA,NA
"914","ES",18,1990,16,"8","8",75,156,0,0,0,NA,NA,NA
"915","ES",18,1991,16,"8","8",75,156,0,0,0,NA,NA,NA
"916","ES",18,1992,16,"8","8",75,156,0,0,0,NA,NA,NA
"917","ES",18,1993,16,"8","8",75,156,0,0,0,NA,NA,NA
"918","ES",18,1994,16,"8","8",100,156,0,0,0,NA,NA,NA
"919","ES",18,1995,16,"8","8",100,156,0,0,0,NA,NA,NA
"920","ES",18,1996,16,"8","8",100,156,0,0,0,NA,NA,NA
"921","ES",18,1997,16,"8","8",100,156,0,0,0,NA,NA,NA
"922","ES",18,1998,16,"8","8",100,156,0,0,0,NA,NA,NA
"923","ES",18,1999,16,"8","8",100,156,0,0,0,NA,NA,NA
"924","ES",18,2000,16,"ns","ns",100,156,0,0,0,NA,NA,NA
"925","ES",18,2001,16,"ns","ns",100,156,0,0,0,NA,NA,NA
"926","ES",18,2002,16,"ns","ns",100,156,0,0,0,NA,NA,NA
"927","ES",18,2003,16,"ns","ns",100,156,0,0,0,NA,NA,NA
"928","ES",18,2004,16,"ns","ns",100,156,0,0,0,NA,NA,NA
"929","ES",18,2005,16,"ns","ns",100,156,0,0,0,NA,NA,NA
"930","ES",18,2006,16,"ns","ns",100,156,0,0,0,NA,NA,NA
"931","ES",18,2007,16,"ns","ns",100,156,0,0,0,NA,NA,NA
"932","ES",18,2008,16,"ns","ns",100,156,0,0,0,NA,NA,NA
"933","ES",18,2009,16,"ns","ns",100,156,0,0,0,NA,NA,NA
"934","ES",18,2010,16,"ns","ns",100,156,0,0,0,NA,NA,NA
"935",NA,NA,NA,NA,NA,NA,NA,NA,NA,NA,NA,NA,NA,NA
"936","SE",19,1960,12.8,"ns","ns",45,0,0,0,0,NA,NA,NA
"937","SE",19,1961,12.8,"ns","ns",45,0,0,0,0,NA,NA,NA
"938","SE",19,1962,12.8,"ns","ns",45,0,0,0,0,NA,NA,NA
"939","SE",19,1963,12.8,"ns","ns",45,0,0,0,0,NA,NA,NA
"940","SE",19,1964,25.6,"ns","ns",46,0,0,0,0,NA,NA,NA
"941","SE",19,1965,25.6,"ns","ns",46,0,0,0,0,NA,NA,NA
"942","SE",19,1966,25.6,"ns","ns",46,0,0,0,0,NA,NA,NA
"943","SE",19,1967,25.6,"ns","ns",67,0,0,0,0,NA,NA,NA
"944","SE",19,1968,25.6,"ns","ns",67,0,0,0,0,NA,NA,NA
"945","SE",19,1969,25.6,"ns","ns",69,0,0,0,0,NA,NA,NA
"946","SE",19,1970,26,"ns","ns",64,0,0,0,0,NA,NA,NA
"947","SE",19,1971,26,"ns","ns",59,0,0,0,0,NA,NA,NA
"948","SE",19,1972,26,"ns","ns",52,0,0,0,0,NA,NA,NA
"949","SE",19,1973,26,"ns","ns",48,0,0,0,0,NA,NA,NA
"950","SE",19,1974,0,"0","0",0,30,90,0,0,NA,NA,NA
"951","SE",19,1975,0,"0","0",0,30,90,0,0,NA,NA,NA
"952","SE",19,1976,0,"0","0",0,30,90,0,0,NA,NA,NA
"953","SE",19,1977,0,"0","0",0,30,90,0,0,NA,NA,NA
"954","SE",19,1978,0,"0","0",0,39,90,78,0,NA,NA,NA
"955","SE",19,1979,0,"0","0",0,39,82,78,0,NA,NA,NA
"956","SE",19,1980,0,"0","0",0,39,82,78,0,NA,NA,NA
"957","SE",19,1981,0,"0","0",0,39,82,78,0,NA,NA,NA
"958","SE",19,1982,0,"0","0",0,39,81,78,0,NA,NA,NA
"959","SE",19,1983,0,"0","0",0,39,81,78,0,NA,NA,NA
"960","SE",19,1984,0,"0","0",0,39,81,78,0,NA,NA,NA
"961","SE",19,1985,0,"0","0",0,39,71,78,0,NA,NA,NA
"962","SE",19,1986,0,"0","0",0,51,71,78,0,NA,NA,NA
"963","SE",19,1987,0,"0","0",0,51,71,78,0,NA,NA,NA
"964","SE",19,1988,0,"0","0",0,51,71,78,0,NA,NA,NA
"965","SE",19,1989,0,"0","0",0,64,71,78,0,NA,NA,NA
"966","SE",19,1990,0,"0","0",0,64,70,78,0,NA,NA,NA
"967","SE",19,1991,0,"0","0",0,64,90,78,0,NA,NA,NA
"968","SE",19,1992,0,"0","0",0,64,90,78,0,NA,NA,NA
"969","SE",19,1993,0,"0","0",0,64,90,78,0,NA,NA,NA
"970","SE",19,1994,0,"0","0",0,64,90,78,0,NA,NA,NA
"971","SE",19,1995,0,"0","0",0,64,67,78,0,NA,NA,NA
"972","SE",19,1996,0,"0","0",0,64,67,78,0,NA,NA,NA
"973","SE",19,1997,0,"0","0",0,64,62,78,0,NA,NA,NA
"974","SE",19,1998,0,"0","0",0,64.3,80,78,0,NA,NA,NA
"975","SE",19,1999,0,"0","0",0,64.3,80,78,0,NA,NA,NA
"976","SE",19,2000,0,"0","0",0,64.3,64,78,0,NA,NA,NA
"977","SE",19,2001,0,"0","0",0,64.3,64,78,0,NA,NA,NA
"978","SE",19,2002,0,"0","0",0,68.6,65,78,0,NA,NA,NA
"979","SE",19,2003,0,"0","0",0,68.6,65,78,0,NA,NA,NA
"980","SE",19,2004,0,"0","0",0,68.6,65.1,78,0,NA,NA,NA
"981","SE",19,2005,0,"0","0",0,68.6,65.1,78,0,NA,NA,NA
"982","SE",19,2006,0,"0","0",0,68.6,65.1,78,0,NA,NA,NA
"983","SE",19,2007,0,"0","0",0,68.6,65.1,78,0,NA,NA,NA
"984","SE",19,2008,0,"0","0",0,68.6,65.1,78,13.5,NA,NA,NA
"985","SE",19,2009,0,"0","0",0,68.6,65.1,78,13.1,NA,NA,NA
"986","SE",19,2010,0,"0","0",0,68.6,65.1,78,12.7,NA,NA,NA
"987",NA,NA,NA,NA,NA,NA,NA,NA,NA,NA,NA,NA,NA,NA
"988","CH",20,1960,6,"ns","ns",0,0,0,0,0,NA,NA,NA
"989","CH",20,1961,6,"ns","ns",0,0,0,0,0,NA,NA,NA
"990","CH",20,1962,6,"ns","ns",0,0,0,0,0,NA,NA,NA
"991","CH",20,1963,6,"ns","ns",0,0,0,0,0,NA,NA,NA
"992","CH",20,1964,6,"ns","ns",0,0,0,0,0,NA,NA,NA
"993","CH",20,1965,6,"ns","ns",0,0,0,0,0,NA,NA,NA
"994","CH",20,1966,6,"ns","ns",0,0,0,0,0,NA,NA,NA
"995","CH",20,1967,10,"4","6",0,0,0,0,0,NA,NA,NA
"996","CH",20,1968,10,"4","6",0,0,0,0,0,NA,NA,NA
"997","CH",20,1969,10,"4","6",0,0,0,0,0,NA,NA,NA
"998","CH",20,1970,10,"4","6",0,0,0,0,0,NA,NA,NA
"999","CH",20,1971,10,"4","6",0,0,0,0,0,NA,NA,NA
"1000","CH",20,1972,10,"4","6",0,0,0,0,0,NA,NA,NA
"1001","CH",20,1973,10,"4","6",0,0,0,0,0,NA,NA,NA
"1002","CH",20,1974,10,"4","6",0,0,0,0,0,NA,NA,NA
"1003","CH",20,1975,10,"4","6",0,0,0,0,0,NA,NA,NA
"1004","CH",20,1976,10,"4","6",0,0,0,0,0,NA,NA,NA
"1005","CH",20,1977,10,"4","6",0,0,0,0,0,NA,NA,NA
"1006","CH",20,1978,10,"4","6",0,0,0,0,0,NA,NA,NA
"1007","CH",20,1979,10,"4","6",0,0,0,0,0,NA,NA,NA
"1008","CH",20,1980,10,"4","6",0,0,0,0,0,NA,NA,NA
"1009","CH",20,1981,10,"4","6",0,0,0,0,0,NA,NA,NA
"1010","CH",20,1982,10,"4","6",0,0,0,0,0,NA,NA,NA
"1011","CH",20,1983,10,"4","6",0,0,0,0,0,NA,NA,NA
"1012","CH",20,1984,10,"4","6",0,0,0,0,0,NA,NA,NA
"1013","CH",20,1985,10,"4","6",0,0,0,0,0,NA,NA,NA
"1014","CH",20,1986,10,"4","6",0,0,0,0,0,NA,NA,NA
"1015","CH",20,1987,10,"4","6",0,0,0,0,0,NA,NA,NA
"1016","CH",20,1988,10,"4","6",0,0,0,0,0,NA,NA,NA
"1017","CH",20,1989,10,"4","6",0,0,0,0,0,NA,NA,NA
"1018","CH",20,1990,10,"4","6",0,0,0,0,0,NA,NA,NA
"1019","CH",20,1991,10,"4","6",0,0,0,0,0,NA,NA,NA
"1020","CH",20,1992,10,"4","6",0,0,0,0,0,NA,NA,NA
"1021","CH",20,1993,10,"4","6",0,0,0,0,0,NA,NA,NA
"1022","CH",20,1994,10,"4","6",0,0,0,0,0,NA,NA,NA
"1023","CH",20,1995,10,"4","6",0,0,0,0,0,NA,NA,NA
"1024","CH",20,1996,10,"4","6",0,0,0,0,0,NA,NA,NA
"1025","CH",20,1997,16,"8","8",0,0,0,0,0,NA,NA,NA
"1026","CH",20,1998,16,"8","8",0,0,0,0,0,NA,NA,NA
"1027","CH",20,1999,16,"8","8",0,0,0,0,0,NA,NA,NA
"1028","CH",20,2000,16,"8","8",0,0,0,0,0,NA,NA,NA
"1029","CH",20,2001,16,"8","8",0,0,0,0,0,NA,NA,NA
"1030","CH",20,2002,16,"8","8",0,0,0,0,0,NA,NA,NA
"1031","CH",20,2003,16,"8","8",0,0,0,0,0,NA,NA,NA
"1032","CH",20,2004,16,"8","8",0,0,0,0,0,NA,NA,NA
"1033","CH",20,2005,16,"8","8",0,0,0,0,0,NA,NA,NA
"1034","CH",20,2006,14,"0","14",80,0,0,0,0,NA,NA,NA
"1035","CH",20,2007,14,"0","14",80,0,0,0,0,NA,NA,NA
"1036","CH",20,2008,14,"0","14",80,0,0,0,0,NA,NA,NA
"1037","CH",20,2009,14,"0","14",80,0,0,0,0,NA,NA,NA
"1038","CH",20,2010,14,"0","14",80,0,0,0,0,NA,NA,NA
"1039",NA,NA,NA,NA,NA,NA,NA,NA,NA,NA,NA,NA,NA,NA
"1040","UK",21,1960,18,"11","7",36.9,0,0,0,0,NA,NA,NA
"1041","UK",21,1961,18,"11","7",36.9,0,0,0,0,NA,NA,NA
"1042","UK",21,1962,18,"11","7",36.9,0,0,0,0,NA,NA,NA
"1043","UK",21,1963,18,"11","7",36.9,0,0,0,0,NA,NA,NA
"1044","UK",21,1964,18,"11","7",37.1,0,0,0,0,NA,NA,NA
"1045","UK",21,1965,18,"11","7",37.1,0,0,0,0,NA,NA,NA
"1046","UK",21,1966,18,"11","7",37.1,0,0,0,0,NA,NA,NA
"1047","UK",21,1967,18,"11","7",85,0,0,0,0,NA,NA,NA
"1048","UK",21,1968,18,"11","7",85,0,0,0,0,NA,NA,NA
"1049","UK",21,1969,18,"11","7",85,0,0,0,0,NA,NA,NA
"1050","UK",21,1970,18,"11","7",36,0,0,0,0,NA,NA,NA
"1051","UK",21,1971,18,"11","7",32,0,0,0,0,NA,NA,NA
"1052","UK",21,1972,18,"11","7",32,0,0,0,0,NA,NA,NA
"1053","UK",21,1973,18,"11","7",32,0,0,0,0,NA,NA,NA
"1054","UK",21,1974,18,"11","7",25,0,0,0,0,NA,NA,NA
"1055","UK",21,1975,18,"11","7",73,0,0,0,0,NA,NA,NA
"1056","UK",21,1976,18,"11","7",61,0,0,0,0,NA,NA,NA
"1057","UK",21,1977,18,"11","7",56,0,0,0,0,NA,NA,NA
"1058","UK",21,1978,18,"11","7",57,0,0,0,0,NA,NA,NA
"1059","UK",21,1979,18,"11","7",55,0,0,0,0,NA,NA,NA
"1060","UK",21,1980,18,"11","7",47,0,0,0,0,NA,NA,NA
"1061","UK",21,1981,18,"11","7",46,0,0,0,0,NA,NA,NA
"1062","UK",21,1982,18,"11","7",40,0,0,0,0,NA,NA,NA
"1063","UK",21,1983,18,"11","7",36,0,0,0,0,NA,NA,NA
"1064","UK",21,1984,18,"11","7",35,0,0,0,0,NA,NA,NA
"1065","UK",21,1985,18,"11","7",34,0,0,0,0,NA,NA,NA
"1066","UK",21,1986,18,"11","7",30,0,0,0,0,NA,NA,NA
"1067","UK",21,1987,18,"11","7",29,0,0,0,0,NA,NA,NA
"1068","UK",21,1988,18,"11","7",27,0,0,0,0,NA,NA,NA
"1069","UK",21,1989,18,"11","7",46,0,0,0,0,NA,NA,NA
"1070","UK",21,1990,18,"11","7",45,0,0,0,0,NA,NA,NA
"1071","UK",21,1991,18,"11","7",45,0,0,0,0,NA,NA,NA
"1072","UK",21,1992,18,"11","7",49,0,0,0,0,NA,NA,NA
"1073","UK",21,1993,18,"11","7",44,0,0,0,0,NA,NA,NA
"1074","UK",21,1994,18,"11","7",45,0,0,0,0,NA,NA,NA
"1075","UK",21,1995,18,"11","7",45,0,0,0,0,NA,NA,NA
"1076","UK",21,1996,18,"11","7",45,0,0,0,0,NA,NA,NA
"1077","UK",21,1997,18,"11","7",44,0,0,0,0,NA,NA,NA
"1078","UK",21,1998,18,"ns","ns",31.1,0,0,0,0,NA,NA,NA
"1079","UK",21,1999,18,"ns","ns",31.1,26,0,0,0,NA,NA,NA
"1080","UK",21,2000,18,"ns","ns",31.1,26,0,0,0,NA,NA,NA
"1081","UK",21,2001,18,"ns","ns",31,26,0,0,0,NA,NA,NA
"1082","UK",21,2002,18,"ns","ns",31,26,0,0,0,NA,NA,NA
"1083","UK",21,2003,18,"ns","ns",31.1,26,0,0,0,NA,NA,NA
"1084","UK",21,2004,26,"ns","ns",21.8,26,0,0,0,NA,NA,NA
"1085","UK",21,2005,26,"ns","ns",21.7,26,0,0,0,NA,NA,NA
"1086","UK",21,2006,26,"ns","ns",21.8,26,0,0,0,NA,NA,NA
"1087","UK",21,2007,39,"ns","ns",14.5,26,0,0,0,NA,NA,NA
"1088","UK",21,2008,39,"ns","ns",14.5,26,0,0,0,NA,NA,NA
"1089","UK",21,2009,39,"ns","ns",14.5,26,0,0,0,NA,NA,NA
"1090","UK",21,2010,39,"ns","ns",14.5,26,0,0,0,NA,NA,NA
"1091",NA,NA,NA,NA,NA,NA,NA,NA,NA,NA,NA,NA,NA,NA
"1092","US",22,1960,0,"0","0",0,0,0,0,0,NA,NA,NA
"1093","US",22,1961,0,"0","0",0,0,0,0,0,NA,NA,NA
"1094","US",22,1962,0,"0","0",0,0,0,0,0,NA,NA,NA
"1095","US",22,1963,0,"0","0",0,0,0,0,0,NA,NA,NA
"1096","US",22,1964,0,"0","0",0,0,0,0,0,NA,NA,NA
"1097","US",22,1965,0,"0","0",0,0,0,0,0,NA,NA,NA
"1098","US",22,1966,0,"0","0",0,0,0,0,0,NA,NA,NA
"1099","US",22,1967,0,"0","0",0,0,0,0,0,NA,NA,NA
"1100","US",22,1968,0,"0","0",0,0,0,0,0,NA,NA,NA
"1101","US",22,1969,0,"0","0",0,0,0,0,0,NA,NA,NA
"1102","US",22,1970,0,"0","0",0,0,0,0,0,NA,NA,NA
"1103","US",22,1971,0,"0","0",0,0,0,0,0,NA,NA,NA
"1104","US",22,1972,0,"0","0",0,0,0,0,0,NA,NA,NA
"1105","US",22,1973,0,"0","0",0,0,0,0,0,NA,NA,NA
"1106","US",22,1974,0,"0","0",0,0,0,0,0,NA,NA,NA
"1107","US",22,1975,0,"0","0",0,0,0,0,0,NA,NA,NA
"1108","US",22,1976,0,"0","0",0,0,0,0,0,NA,NA,NA
"1109","US",22,1977,0,"0","0",0,0,0,0,0,NA,NA,NA
"1110","US",22,1978,0,"0","0",0,0,0,0,0,NA,NA,NA
"1111","US",22,1979,0,"0","0",0,0,0,0,0,NA,NA,NA
"1112","US",22,1980,0,"0","0",0,0,0,0,0,NA,NA,NA
"1113","US",22,1981,0,"0","0",0,0,0,0,0,NA,NA,NA
"1114","US",22,1982,0,"0","0",0,0,0,0,0,NA,NA,NA
"1115","US",22,1983,0,"0","0",0,0,0,0,0,NA,NA,NA
"1116","US",22,1984,0,"0","0",0,0,0,0,0,NA,NA,NA
"1117","US",22,1985,0,"0","0",0,0,0,0,0,NA,NA,NA
"1118","US",22,1986,0,"0","0",0,0,0,0,0,NA,NA,NA
"1119","US",22,1987,0,"0","0",0,0,0,0,0,NA,NA,NA
"1120","US",22,1988,0,"0","0",0,0,0,0,0,NA,NA,NA
"1121","US",22,1989,0,"0","0",0,0,0,0,0,NA,NA,NA
"1122","US",22,1990,0,"0","0",0,0,0,0,0,NA,NA,NA
"1123","US",22,1991,0,"0","0",0,0,0,0,0,NA,NA,NA
"1124","US",22,1992,0,"0","0",0,0,0,0,0,NA,NA,NA
"1125","US",22,1993,0,"0","0",0,0,0,12,0,NA,NA,NA
"1126","US",22,1994,0,"0","0",0,0,0,12,0,NA,NA,NA
"1127","US",22,1995,0,"0","0",0,0,0,12,0,NA,NA,NA
"1128","US",22,1996,0,"0","0",0,0,0,12,0,NA,NA,NA
"1129","US",22,1997,0,"0","0",0,0,0,12,0,NA,NA,NA
"1130","US",22,1998,0,"0","0",0,0,0,12,0,NA,NA,NA
"1131","US",22,1999,0,"0","0",0,0,0,12,0,NA,NA,NA
"1132","US",22,2000,0,"0","0",0,0,0,12,0,NA,NA,NA
"1133","US",22,2001,0,"0","0",0,0,0,12,0,NA,NA,NA
"1134","US",22,2002,0,"0","0",0,0,0,12,0,NA,NA,NA
"1135","US",22,2003,0,"0","0",0,0,0,12,0,NA,NA,NA
"1136","US",22,2004,0,"0","0",0,0,0,12,0,NA,NA,NA
"1137","US",22,2005,0,"0","0",0,0,0,12,0,NA,NA,NA
"1138","US",22,2006,0,"0","0",0,0,0,12,0,NA,NA,NA
"1139","US",22,2007,0,"0","0",0,0,0,12,0,NA,NA,NA
"1140","US",22,2008,0,"0","0",0,0,0,12,0,NA,NA,NA
"1141","US",22,2009,0,"0","0",0,0,0,12,0,NA,NA,NA
"1142","US",22,2010,0,"0","0",0,0,0,12,0,NA,NA,NA
